CourseType,Description,Locations,MaximumAge,MinimumAge,Provider,SkillLevel,Title,Topic,URL
iD Tech Camps | Weeklong,"Cozmo is more than a computer—it's an AI with personality, a companion for a journey into a world of adventures and challenges (long after camp ends). Learn coding with Cozmo and see its artificial intelligence react with giggles, jiggles, squeals, and squeaks as you triumph together on any task. Use visual coding to make alarm clocks, play block-moving games, and see what programming can do with a new electronic friend.

Students will be given a voucher that will allow them to order a Cozmo free of charge if delivery is within the United States.","['Hong Kong', 'Hong Kong', 'Singapore', 'Tempe, AZ', 'Concord, CA', 'Sacramento, CA', 'Livermore, CA', 'Palo Alto, CA', 'San Anselmo, CA', 'San Francisco, CA', 'San Jose, CA', 'Santa Clara, CA', 'Santa Rosa, CA', 'Santa Clara, CA', 'Palo Alto, CA', 'Berkeley, CA', 'Saratoga, CA', 'La Mirada, CA', 'Thousand Oaks, CA', 'Pomona, CA', 'San Marcos, CA', 'Long Beach, CA', 'Los Angeles, CA', 'Pasadena, CA', 'Irvine, CA', 'La Jolla, CA', 'Santa Barbara, CA', 'Los Angeles, CA', 'San Diego, CA', 'Fort Collins, CO', 'Highlands Ranch, CO', 'Boulder, CO', 'Denver, CO', 'Fairfield, CT', 'New Haven, CT', 'Hartford, CT', 'Middletown, CT', 'Boca Raton, FL', 'Winter Park, FL', 'Coral Gables, FL', 'Jacksonville, FL', 'Atlanta, GA', 'Lisle, IL', 'Chicago, IL', 'Lake Forest, IL', 'Chicago, IL', 'Indianapolis, IN', 'West Lafayette, IN', 'Louisville, KY', 'Rockville, MD', 'Towson, MD', 'College Park, MD', 'Amherst, MA', 'Waltham, MA', 'Quincy, MA', 'Beverly, MA', 'Cambridge, MA', 'Newton, MA', 'Cambridge, MA', 'Needham, MA', 'Southborough, MA', 'Ann Arbor, MI', 'St. Paul, MN', 'Kansas City, MO', 'St. Louis, MO', 'Las Vegas, NV', 'Las Vegas, NV', 'Madison, NJ', 'West Long Branch, NJ', 'Montclair, NJ', 'Princeton, NJ', 'Mahwah, NJ', 'Mt Laurel, NJ', 'South Orange, NJ', 'Garden City, NY', 'Purchase, NY', 'New York, NY', 'New York, NY', 'Old Westbury, NY', 'New York, NY', 'New York, NY', 'Queens, NY', 'Bronxville, NY', 'Stony Brook, NY', 'Davidson, NC', 'Raleigh, NC', 'Charlotte, NC', 'Chapel Hill, NC', 'Cleveland, OH', 'Cincinnati, OH', 'Glenside, PA', 'Pittsburgh, PA', 'Bethlehem, PA', 'Philadelphia, PA', 'West Chester, PA', 'Memphis, TN', 'Nashville, TN', 'Houston, TX', 'Dallas, TX', 'Austin, TX', 'San Antonio, TX', 'Richardson, TX', 'Houston, TX', 'Westlake, TX', 'Charlottesville, VA', 'Falls Church, VA', 'Seattle, WA', 'Bellevue, WA', 'Tacoma, WA', 'Bothell, WA', 'Seattle, WA', 'Washington, D.C.', 'Washington, D.C.', 'Washington, D.C.', 'Waukesha, WI', 'Milwaukee, WI', 'Madison, WI']",9,7,iDTech,Beginner-Advanced,Code-a-Bot: AI and Robotics with Your Own Cozmo,"Coding, Robotics",https://www.idtech.com/courses/code-a-bot-ai-and-robotics-with-cozmo
iD Tech Camps | Weeklong,"In this coding adventure, aspiring innovators create fun animated stories and games while learning essential programming concepts with Scratch. Using sprites and blocks, this drag-and-drop platform developed by MIT sets a foundation of computational thinking—an essential skill in today’s tech-driven world—by using bright visuals and engaging design.","['Hong Kong', 'Hong Kong', 'Singapore', 'Tempe, AZ', 'Sacramento, CA', 'Livermore, CA', 'Palo Alto, CA', 'San Jose, CA', 'San Francisco, CA', 'Santa Clara, CA', 'Santa Clara, CA', 'Moraga, CA', 'Palo Alto, CA', 'Berkeley, CA', 'Saratoga, CA', 'La Mirada, CA', 'Thousand Oaks, CA', 'Pomona, CA', 'San Marcos, CA', 'Long Beach, CA', 'Pasadena, CA', 'Mission Viejo, CA', 'Irvine, CA', 'La Jolla, CA', 'Los Angeles, CA', 'San Diego, CA', 'Fort Collins, CO', 'Denver, CO', 'Fairfield, CT', 'New Haven, CT', 'Hartford, CT', 'Boca Raton, FL', 'Coral Gables, FL', 'Atlanta, GA', 'Lisle, IL', 'Chicago, IL', 'Lake Forest, IL', 'Chicago, IL', 'Evanston, IL', 'Indianapolis, IN', 'Louisville, KY', 'Rockville, MD', 'Amherst, MA', 'Waltham, MA', 'Cambridge, MA', 'Newton, MA', 'Cambridge, MA', 'Southborough, MA', 'Ann Arbor, MI', 'St. Paul, MN', 'Kansas City, MO', 'St. Louis, MO', 'Las Vegas, NV', 'Las Vegas, NV', 'Madison, NJ', 'West Long Branch, NJ', 'Princeton, NJ', 'Mahwah, NJ', 'Mt Laurel, NJ', 'South Orange, NJ', 'Garden City, NY', 'New York, NY', 'New York, NY', 'New York, NY', 'Old Westbury, NY', 'New York, NY', 'New York, NY', 'Queens, NY', 'Bronxville, NY', 'Stony Brook, NY', 'New Paltz, NY', 'Davidson, NC', 'Chapel Hill, NC', 'Cleveland, OH', 'Columbus, OH', 'Cincinnati, OH', 'Portland, OR', 'Pittsburgh, PA', 'Bethlehem, PA', 'Philadelphia, PA', 'Villanova, PA', 'West Chester, PA', 'Nashville, TN', 'Houston, TX', 'Dallas, TX', 'Austin, TX', 'Austin, TX', 'San Antonio, TX', 'Richardson, TX', 'Houston, TX', 'Westlake, TX', 'Richmond, VA', 'Falls Church, VA', 'Seattle, WA', 'Bellevue, WA', 'Bothell, WA', 'Seattle, WA', 'Washington, D.C.', 'Washington, D.C.', 'Madison, WI']",9,7,iDTech,Beginner-Advanced,CodeMaker: Code and Design Games with Scratch,"Coding, Game Development, Design",https://www.idtech.com/courses/codemaker-code-and-design-games-with-scratch
iD Tech Camps | Weeklong,"Get creative in a maker environment that blends electronics and code! With the littleBits Code Kit, explore a future in electrical programming and engineering by creating interactive games, LED matrix displays, and spinning propellers. The littleBits intuitive drag-and-drop interface makes programming contextual and fun. Create, make, invent, and engineer with littleBits!","['Hong Kong', 'Tempe, AZ', 'Sacramento, CA', 'Palo Alto, CA', 'Santa Clara, CA', 'Moraga, CA', 'Palo Alto, CA', 'Berkeley, CA', 'Pomona, CA', 'Pasadena, CA', 'Irvine, CA', 'La Jolla, CA', 'Los Angeles, CA', 'Highlands Ranch, CO', 'Denver, CO', 'New Haven, CT', 'Atlanta, GA', 'Lisle, IL', 'Lake Forest, IL', 'Evanston, IL', 'Indianapolis, IN', 'Waltham, MA', 'Newton, MA', 'Cambridge, MA', 'Needham, MA', 'Ann Arbor, MI', 'St. Paul, MN', 'St. Louis, MO', 'Princeton, NJ', 'Mahwah, NJ', 'New York, NY', 'New York, NY', 'New York, NY', 'Old Westbury, NY', 'New York, NY', 'Charlotte, NC', 'Chapel Hill, NC', 'Columbus, OH', 'Portland, OR', 'Pittsburgh, PA', 'Villanova, PA', 'Nashville, TN', 'Houston, TX', 'Dallas, TX', 'Seattle, WA', 'Bellevue, WA', 'Bothell, WA', 'Seattle, WA']",9,7,iDTech,Beginner-Advanced,CreationLab: Inventing and Coding with littleBits,"Coding, Design, Robotics",https://www.idtech.com/courses/creationlab-inventing-and-coding-with-littlebits
iD Tech Camps | Weeklong,"Imagine it, engineer it, and make it go! Powered by the LEGO MINDSTORMS Education EV3 Base Set and software, explore the exciting world of robotics and engineering. Combining the versatility of the LEGO building system and intuitive drag-and-drop programming software, this adventure encourages teamwork, friendship, and creativity from day one.","['Hong Kong', 'Singapore', 'Tempe, AZ', 'Sacramento, CA', 'Palo Alto, CA', 'San Francisco, CA', 'Santa Clara, CA', 'Moraga, CA', 'Palo Alto, CA', 'Berkeley, CA', 'Pomona, CA', 'Long Beach, CA', 'Pasadena, CA', 'Irvine, CA', 'La Jolla, CA', 'Denver, CO', 'New Haven, CT', 'Winter Park, FL', 'Coral Gables, FL', 'Atlanta, GA', 'Lisle, IL', 'Chicago, IL', 'Lake Forest, IL', 'Evanston, IL', 'Indianapolis, IN', 'College Park, MD', 'Waltham, MA', 'Newton, MA', 'Cambridge, MA', 'Needham, MA', 'Ann Arbor, MI', 'St. Paul, MN', 'St. Louis, MO', 'New York, NY', 'New York, NY', 'Stony Brook, NY', 'Chapel Hill, NC', 'Cleveland, OH', 'Columbus, OH', 'Cincinnati, OH', 'Portland, OR', 'Pittsburgh, PA', 'Villanova, PA', 'Nashville, TN', 'Houston, TX', 'Dallas, TX', 'Austin, TX', 'San Antonio, TX', 'Bellevue, WA', 'Seattle, WA', 'Milwaukee, WI', 'Madison, WI']",9,7,iDTech,Beginner-Advanced,RoboCoder: LEGO Robotics and Visual Programming,"Robotics, Coding",https://www.idtech.com/courses/robocoder-lego-robotics-and-visual-programming
iD Tech Camps | Weeklong,"Dive into the educational benefits of Minecraft by creating and exploring this blocky world. Aspiring game designers learn problem-solving, level design, and more, building unique maps and crafting resource packs. Adding command blocks and redstone takes learning to the next level in a course designed to get students excited about game design through their favorite lens—Minecraft.","['Hong Kong', 'Hong Kong', 'Singapore', 'Tempe, AZ', 'Concord, CA', 'Sacramento, CA', 'Palo Alto, CA', 'San Anselmo, CA', 'San Francisco, CA', 'San Jose, CA', 'Santa Clara, CA', 'Santa Rosa, CA', 'Moraga, CA', 'Palo Alto, CA', 'Berkeley, CA', 'Saratoga, CA', 'La Mirada, CA', 'Thousand Oaks, CA', 'Pomona, CA', 'San Marcos, CA', 'Long Beach, CA', 'Los Angeles, CA', 'Rancho Palos Verdes, CA', 'Pasadena, CA', 'Mission Viejo, CA', 'Irvine, CA', 'La Jolla, CA', 'Santa Barbara, CA', 'Los Angeles, CA', 'San Diego, CA', 'Fort Collins, CO', 'Highlands Ranch, CO', 'Boulder, CO', 'Denver, CO', 'Fairfield, CT', 'New Haven, CT', 'Middletown, CT', 'Boca Raton, FL', 'Winter Park, FL', 'Coral Gables, FL', 'Jacksonville, FL', 'Tampa, FL', 'Atlanta, GA', 'Lisle, IL', 'Chicago, IL', 'Lake Forest, IL', 'Chicago, IL', 'Evanston, IL', 'Indianapolis, IN', 'West Lafayette, IN', 'Louisville, KY', 'Rockville, MD', 'Towson, MD', 'College Park, MD', 'Amherst, MA', 'Waltham, MA', 'Quincy, MA', 'Beverly, MA', 'Cambridge, MA', 'Newton, MA', 'Cambridge, MA', 'Needham, MA', 'Southborough, MA', 'Lowell, MA', 'Ann Arbor, MI', 'St. Paul, MN', 'Kansas City, MO', 'St. Louis, MO', 'Las Vegas, NV', 'Las Vegas, NV', 'Madison, NJ', 'Union, NJ', 'West Long Branch, NJ', 'Montclair, NJ', 'Princeton, NJ', 'Mahwah, NJ', 'Mt Laurel, NJ', 'South Orange, NJ', 'Garden City, NY', 'New York, NY', 'Purchase, NY', 'New York, NY', 'New York, NY', 'Old Westbury, NY', 'New York, NY', 'New York, NY', 'Queens, NY', 'Bronxville, NY', 'Stony Brook, NY', 'New Paltz, NY', 'Davidson, NC', 'Raleigh, NC', 'Charlotte, NC', 'Chapel Hill, NC', 'Cleveland, OH', 'Columbus, OH', 'Cincinnati, OH', 'Portland, OR', 'Glenside, PA', 'Pittsburgh, PA', 'Bethlehem, PA', 'Philadelphia, PA', 'Villanova, PA', 'West Chester, PA', 'Memphis, TN', 'Nashville, TN', 'Houston, TX', 'Dallas, TX', 'Austin, TX', 'Austin, TX', 'San Antonio, TX', 'Houston, TX', 'Richardson, TX', 'Houston, TX', 'Westlake, TX', 'Burlington, VT', 'Williamsburg, VA', 'Richmond, VA', 'Charlottesville, VA', 'Falls Church, VA', 'Seattle, WA', 'Bellevue, WA', 'Tacoma, WA', 'Bothell, WA', 'Seattle, WA', 'Washington, D.C.', 'Washington, D.C.', 'Washington, D.C.', 'Waukesha, WI', 'Milwaukee, WI', 'Madison, WI']",9,7,iDTech,Beginner-Advanced,WorldBuilder: Minecraft Game Design,"Game Development, Design",https://www.idtech.com/courses/worldbuilder-minecraft-game-design
iD Tech Camps | Weeklong,"Imagination meets production in this hands-on course. Learn how to design simple 3D objects and prepare them for 3D printing with Autodesk Maya. Make something from scratch or import a more intricate model to use as a starting point, then watch your creation print and take it home!

Students will be given a voucher that will allow them to order a 3D printer free of charge if delivery is within the United States.","['Tempe, AZ', 'Santa Clara, CA', 'Santa Clara, CA', 'Palo Alto, CA', 'Berkeley, CA', 'Pasadena, CA', 'Irvine, CA', 'La Jolla, CA', 'Los Angeles, CA', 'San Diego, CA', 'Denver, CO', 'Coral Gables, FL', 'Atlanta, GA', 'Lisle, IL', 'Lake Forest, IL', 'Indianapolis, IN', 'Waltham, MA', 'Cambridge, MA', 'Cambridge, MA', 'Ann Arbor, MI', 'St. Paul, MN', 'St. Louis, MO', 'Princeton, NJ', 'New York, NY', 'New York, NY', 'Old Westbury, NY', 'New York, NY', 'New York, NY', 'Bronxville, NY', 'Chapel Hill, NC', 'Cincinnati, OH', 'Pittsburgh, PA', 'Villanova, PA', 'Houston, TX', 'Austin, TX', 'Falls Church, VA', 'Seattle, WA', 'Seattle, WA', 'Washington, D.C.']",12,10,iDTech,Beginner-Advanced,3D Printing and Modeling with Take-Home Printer,Design,https://www.idtech.com/courses/3d-printing-and-modeling
iD Tech Camps | Weeklong,"Spend your first day assembling a pi-top laptop from a Raspberry Pi and other circuit boards (that's yours to take home). Learn to troubleshoot hardware assembly and experience the thrill of booting up the laptop—that you built—for the first time. Then it's on to Python programming and electrical engineering. With an introduction to what hardware, engineering, and coding have to offer, this course has something for everyone.","['Hong Kong', 'Hong Kong', 'Singapore', 'Tempe, AZ', 'Concord, CA', 'Sacramento, CA', 'Palo Alto, CA', 'San Anselmo, CA', 'San Francisco, CA', 'San Jose, CA', 'Santa Clara, CA', 'Santa Rosa, CA', 'Moraga, CA', 'Palo Alto, CA', 'Berkeley, CA', 'Saratoga, CA', 'Thousand Oaks, CA', 'Pomona, CA', 'San Marcos, CA', 'Pasadena, CA', 'Long Beach, CA', 'Los Angeles, CA', 'Rancho Palos Verdes, CA', 'Pasadena, CA', 'Mission Viejo, CA', 'Irvine, CA', 'La Jolla, CA', 'Santa Barbara, CA', 'Los Angeles, CA', 'San Diego, CA', 'Boulder, CO', 'Denver, CO', 'Fairfield, CT', 'New Haven, CT', 'Hartford, CT', 'Middletown, CT', 'Boca Raton, FL', 'Winter Park, FL', 'Coral Gables, FL', 'Tampa, FL', 'Atlanta, GA', 'Lisle, IL', 'Chicago, IL', 'Lake Forest, IL', 'Chicago, IL', 'Evanston, IL', 'Indianapolis, IN', 'West Lafayette, IN', 'Louisville, KY', 'Rockville, MD', 'Towson, MD', 'College Park, MD', 'Amherst, MA', 'Waltham, MA', 'Quincy, MA', 'Cambridge, MA', 'Newton, MA', 'Cambridge, MA', 'Needham, MA', 'Southborough, MA', 'Lowell, MA', 'Ann Arbor, MI', 'St. Paul, MN', 'Kansas City, MO', 'St. Louis, MO', 'Las Vegas, NV', 'Las Vegas, NV', 'Manchester, NH', 'Madison, NJ', 'Union, NJ', 'West Long Branch, NJ', 'Montclair, NJ', 'Princeton, NJ', 'Mahwah, NJ', 'Mt Laurel, NJ', 'South Orange, NJ', 'Garden City, NY', 'New York, NY', 'Purchase, NY', 'New York, NY', 'New York, NY', 'Old Westbury, NY', 'New York, NY', 'New York, NY', 'Queens, NY', 'Bronxville, NY', 'Stony Brook, NY', 'New Paltz, NY', 'Davidson, NC', 'Raleigh, NC', 'Charlotte, NC', 'Chapel Hill, NC', 'Cleveland, OH', 'Columbus, OH', 'Cincinnati, OH', 'Portland, OR', 'Pittsburgh, PA', 'Bethlehem, PA', 'Philadelphia, PA', 'Villanova, PA', 'West Chester, PA', 'Memphis, TN', 'Nashville, TN', 'Houston, TX', 'Dallas, TX', 'Austin, TX', 'Fort Worth, TX', 'Austin, TX', 'San Antonio, TX', 'Houston, TX', 'Richardson, TX', 'Houston, TX', 'Westlake, TX', 'Williamsburg, VA', 'Richmond, VA', 'Charlottesville, VA', 'Falls Church, VA', 'Seattle, WA', 'Tacoma, WA', 'Bothell, WA', 'Seattle, WA', 'Washington, D.C.', 'Washington, D.C.', 'Washington, D.C.', 'Waukesha, WI', 'Milwaukee, WI', 'Madison, WI']",12,10,iDTech,Beginner-Advanced,"Build, Invent, and Code YourTake-Home Laptop","Coding, Robotics",https://www.idtech.com/courses/build-invent-and-code-a-laptop
iD Tech Camps | Weeklong,"A future in coding begins here. This introduction to programming starts with the building blocks of a computer—the hardware. Then it's all about the 1s and 0s, discovering how coded instructions are executed directly by a computer's CPU. Building on this knowledge, students learn object-oriented programming concepts with JavaScript, and dive into fun challenges that foster real-world skills.","['Hong Kong', 'Hong Kong', 'Singapore', 'Tempe, AZ', 'Concord, CA', 'Sacramento, CA', 'Livermore, CA', 'Palo Alto, CA', 'San Anselmo, CA', 'San Francisco, CA', 'San Jose, CA', 'Santa Clara, CA', 'Santa Rosa, CA', 'Moraga, CA', 'Palo Alto, CA', 'Berkeley, CA', 'Saratoga, CA', 'La Mirada, CA', 'Thousand Oaks, CA', 'Pomona, CA', 'San Marcos, CA', 'Pasadena, CA', 'Long Beach, CA', 'Los Angeles, CA', 'Rancho Palos Verdes, CA', 'Mission Viejo, CA', 'Irvine, CA', 'La Jolla, CA', 'Santa Barbara, CA', 'Los Angeles, CA', 'San Diego, CA', 'Fort Collins, CO', 'Highlands Ranch, CO', 'Boulder, CO', 'Denver, CO', 'Fairfield, CT', 'New Haven, CT', 'Hartford, CT', 'Middletown, CT', 'Boca Raton, FL', 'Winter Park, FL', 'Coral Gables, FL', 'Jacksonville, FL', 'Tampa, FL', 'Atlanta, GA', 'Lisle, IL', 'Chicago, IL', 'Lake Forest, IL', 'Chicago, IL', 'Evanston, IL', 'Indianapolis, IN', 'Louisville, KY', 'Rockville, MD', 'Towson, MD', 'College Park, MD', 'Amherst, MA', 'Waltham, MA', 'Beverly, MA', 'Cambridge, MA', 'Newton, MA', 'Cambridge, MA', 'Needham, MA', 'Southborough, MA', 'Lowell, MA', 'Ann Arbor, MI', 'St. Paul, MN', 'Kansas City, MO', 'St. Louis, MO', 'Las Vegas, NV', 'Las Vegas, NV', 'Manchester, NH', 'Madison, NJ', 'Union, NJ', 'West Long Branch, NJ', 'Montclair, NJ', 'Princeton, NJ', 'Mahwah, NJ', 'Mt Laurel, NJ', 'Garden City, NY', 'New York, NY', 'Purchase, NY', 'New York, NY', 'New York, NY', 'Old Westbury, NY', 'New York, NY', 'New York, NY', 'Queens, NY', 'Bronxville, NY', 'Stony Brook, NY', 'New Paltz, NY', 'Davidson, NC', 'Raleigh, NC', 'Charlotte, NC', 'Chapel Hill, NC', 'Cleveland, OH', 'Columbus, OH', 'Cincinnati, OH', 'Portland, OR', 'Glenside, PA', 'Pittsburgh, PA', 'Bethlehem, PA', 'Philadelphia, PA', 'Villanova, PA', 'West Chester, PA', 'Memphis, TN', 'Nashville, TN', 'Houston, TX', 'Dallas, TX', 'Austin, TX', 'Fort Worth, TX', 'Austin, TX', 'San Antonio, TX', 'Houston, TX', 'Houston, TX', 'Westlake, TX', 'Burlington, VT', 'Williamsburg, VA', 'Richmond, VA', 'Charlottesville, VA', 'Falls Church, VA', 'Seattle, WA', 'Bellevue, WA', 'Tacoma, WA', 'Bothell, WA', 'Seattle, WA', 'Washington, D.C.', 'Washington, D.C.', 'Milwaukee, WI', 'Madison, WI']",12,10,iDTech,Beginner-Intermediate,Coding 101,Coding,https://www.idtech.com/courses/coding-101
iD Tech Camps | Weeklong,"This is where coding and engineering collide. Start with the foundation of a computer—the hardware. Then get binary (01101100 01101111 01101100) to learn how a computer executes coded instructions. Put this together with object-oriented programming concepts in JavaScript and learn how to program the micro:bit, an interactive pocket-sized computer that's yours to take home. Use JavaScript to detect motion, send messages, and make games while developing real-world hardware skills.","['Hong Kong', 'Hong Kong', 'Singapore', 'Tempe, AZ', 'Concord, CA', 'Sacramento, CA', 'Livermore, CA', 'Palo Alto, CA', 'San Jose, CA', 'San Anselmo, CA', 'San Francisco, CA', 'San Jose, CA', 'Santa Clara, CA', 'Santa Rosa, CA', 'Moraga, CA', 'Palo Alto, CA', 'Berkeley, CA', 'Saratoga, CA', 'La Mirada, CA', 'Thousand Oaks, CA', 'Pomona, CA', 'San Marcos, CA', 'Pasadena, CA', 'Long Beach, CA', 'Los Angeles, CA', 'Rancho Palos Verdes, CA', 'Mission Viejo, CA', 'Irvine, CA', 'La Jolla, CA', 'Santa Barbara, CA', 'Los Angeles, CA', 'San Diego, CA', 'Fort Collins, CO', 'Highlands Ranch, CO', 'Boulder, CO', 'Denver, CO', 'Fairfield, CT', 'New Haven, CT', 'Hartford, CT', 'Middletown, CT', 'Boca Raton, FL', 'Winter Park, FL', 'Coral Gables, FL', 'Jacksonville, FL', 'Tampa, FL', 'Atlanta, GA', 'Lisle, IL', 'Chicago, IL', 'Lake Forest, IL', 'Chicago, IL', 'Evanston, IL', 'Indianapolis, IN', 'Louisville, KY', 'Rockville, MD', 'Towson, MD', 'College Park, MD', 'Amherst, MA', 'Waltham, MA', 'Beverly, MA', 'Cambridge, MA', 'Newton, MA', 'Cambridge, MA', 'Needham, MA', 'Southborough, MA', 'Lowell, MA', 'Ann Arbor, MI', 'St. Paul, MN', 'Kansas City, MO', 'St. Louis, MO', 'Las Vegas, NV', 'Las Vegas, NV', 'Manchester, NH', 'Madison, NJ', 'Union, NJ', 'West Long Branch, NJ', 'Montclair, NJ', 'Princeton, NJ', 'Mahwah, NJ', 'Mt Laurel, NJ', 'Garden City, NY', 'New York, NY', 'Purchase, NY', 'New York, NY', 'New York, NY', 'Old Westbury, NY', 'New York, NY', 'New York, NY', 'Queens, NY', 'Bronxville, NY', 'Stony Brook, NY', 'New Paltz, NY', 'Davidson, NC', 'Raleigh, NC', 'Charlotte, NC', 'Chapel Hill, NC', 'Cleveland, OH', 'Columbus, OH', 'Cincinnati, OH', 'Portland, OR', 'Glenside, PA', 'Pittsburgh, PA', 'Bethlehem, PA', 'Philadelphia, PA', 'Villanova, PA', 'West Chester, PA', 'Memphis, TN', 'Nashville, TN', 'Houston, TX', 'Dallas, TX', 'Austin, TX', 'Fort Worth, TX', 'Austin, TX', 'San Antonio, TX', 'Houston, TX', 'Houston, TX', 'Westlake, TX', 'Burlington, VT', 'Williamsburg, VA', 'Richmond, VA', 'Charlottesville, VA', 'Falls Church, VA', 'Seattle, WA', 'Bellevue, WA', 'Tacoma, WA', 'Bothell, WA', 'Seattle, WA', 'Washington, D.C.', 'Washington, D.C.', 'Milwaukee, WI', 'Madison, WI']",12,10,iDTech,Beginner-Intermediate,Coding and Engineering 101,"Coding, Robotics",https://www.idtech.com/courses/coding-and-engineering-101
iD Tech Camps | Weeklong,"Start with an introduction to fundamental game design principles, then build a unique game with GameMaker, an industry-standard tool used by developers and universities around the world. Beginners and indie developers alike can drag-and-drop their way to game creation with this easy-to-use editor. Launch your future career in game design with the creative power of GameMaker.","['Hong Kong', 'Hong Kong', 'Tempe, AZ', 'Sacramento, CA', 'Palo Alto, CA', 'Santa Clara, CA', 'Moraga, CA', 'Palo Alto, CA', 'Berkeley, CA', 'Thousand Oaks, CA', 'Pomona, CA', 'Pasadena, CA', 'Los Angeles, CA', 'Pasadena, CA', 'Irvine, CA', 'Santa Barbara, CA', 'Los Angeles, CA', 'Fort Collins, CO', 'Highlands Ranch, CO', 'Boulder, CO', 'Denver, CO', 'Fairfield, CT', 'New Haven, CT', 'Hartford, CT', 'Boca Raton, FL', 'Winter Park, FL', 'Coral Gables, FL', 'Jacksonville, FL', 'Tampa, FL', 'Atlanta, GA', 'Lisle, IL', 'Chicago, IL', 'Lake Forest, IL', 'Evanston, IL', 'Indianapolis, IN', 'Rockville, MD', 'Towson, MD', 'College Park, MD', 'Amherst, MA', 'Waltham, MA', 'Quincy, MA', 'Beverly, MA', 'Cambridge, MA', 'Cambridge, MA', 'Lowell, MA', 'Ann Arbor, MI', 'St. Paul, MN', 'Kansas City, MO', 'St. Louis, MO', 'Las Vegas, NV', 'Madison, NJ', 'Union, NJ', 'Montclair, NJ', 'Princeton, NJ', 'Mahwah, NJ', 'Garden City, NY', 'New York, NY', 'Purchase, NY', 'New York, NY', 'Old Westbury, NY', 'New York, NY', 'New York, NY', 'Queens, NY', 'Bronxville, NY', 'Stony Brook, NY', 'New Paltz, NY', 'Raleigh, NC', 'Chapel Hill, NC', 'Cleveland, OH', 'Columbus, OH', 'Glenside, PA', 'Pittsburgh, PA', 'Bethlehem, PA', 'Philadelphia, PA', 'Villanova, PA', 'West Chester, PA', 'Memphis, TN', 'Nashville, TN', 'Houston, TX', 'Dallas, TX', 'Austin, TX', 'Fort Worth, TX', 'Austin, TX', 'San Antonio, TX', 'Richardson, TX', 'Houston, TX', 'Westlake, TX', 'Burlington, VT', 'Williamsburg, VA', 'Richmond, VA', 'Charlottesville, VA', 'Falls Church, VA', 'Seattle, WA', 'Tacoma, WA', 'Bothell, WA', 'Seattle, WA', 'Washington, D.C.', 'Waukesha, WI', 'Milwaukee, WI', 'Madison, WI']",12,10,iDTech,Beginner-Advanced,Game Design 101,Game Development,https://www.idtech.com/courses/game-design-101
iD Tech Camps | Weeklong,"Dig into the Minecraft source code to explore the fundamentals of the Java programming language by creating custom blocks, items, and mods for Minecraft. This course introduces Java programming in an accessible way that's sure to get students excited about a future in coding.","['Hong Kong', 'Hong Kong', 'Singapore', 'Tempe, AZ', 'Concord, CA', 'Sacramento, CA', 'Livermore, CA', 'Palo Alto, CA', 'San Anselmo, CA', 'San Francisco, CA', 'San Jose, CA', 'Santa Clara, CA', 'Santa Rosa, CA', 'Santa Clara, CA', 'Moraga, CA', 'Palo Alto, CA', 'Berkeley, CA', 'Saratoga, CA', 'La Mirada, CA', 'Thousand Oaks, CA', 'Pomona, CA', 'San Marcos, CA', 'Pasadena, CA', 'Long Beach, CA', 'Pasadena, CA', 'Mission Viejo, CA', 'Irvine, CA', 'La Jolla, CA', 'Santa Barbara, CA', 'Los Angeles, CA', 'San Diego, CA', 'Fort Collins, CO', 'Highlands Ranch, CO', 'Boulder, CO', 'Denver, CO', 'Fairfield, CT', 'New Haven, CT', 'Hartford, CT', 'Middletown, CT', 'Boca Raton, FL', 'Winter Park, FL', 'Coral Gables, FL', 'Jacksonville, FL', 'Tampa, FL', 'Atlanta, GA', 'Lisle, IL', 'Chicago, IL', 'Lake Forest, IL', 'Chicago, IL', 'Evanston, IL', 'Indianapolis, IN', 'West Lafayette, IN', 'Louisville, KY', 'Rockville, MD', 'Towson, MD', 'College Park, MD', 'Amherst, MA', 'Waltham, MA', 'Quincy, MA', 'Beverly, MA', 'Cambridge, MA', 'Newton, MA', 'Cambridge, MA', 'Needham, MA', 'Southborough, MA', 'Ann Arbor, MI', 'St. Paul, MN', 'Kansas City, MO', 'St. Louis, MO', 'Las Vegas, NV', 'Las Vegas, NV', 'Manchester, NH', 'Madison, NJ', 'Union, NJ', 'West Long Branch, NJ', 'Montclair, NJ', 'Princeton, NJ', 'Mahwah, NJ', 'Mt Laurel, NJ', 'South Orange, NJ', 'Garden City, NY', 'New York, NY', 'Purchase, NY', 'New York, NY', 'New York, NY', 'Old Westbury, NY', 'New York, NY', 'New York, NY', 'Queens, NY', 'Bronxville, NY', 'Stony Brook, NY', 'New Paltz, NY', 'Raleigh, NC', 'Charlotte, NC', 'Chapel Hill, NC', 'Cleveland, OH', 'Columbus, OH', 'Cincinnati, OH', 'Portland, OR', 'Glenside, PA', 'Pittsburgh, PA', 'Bethlehem, PA', 'Philadelphia, PA', 'Villanova, PA', 'West Chester, PA', 'Memphis, TN', 'Nashville, TN', 'Houston, TX', 'Dallas, TX', 'Austin, TX', 'Fort Worth, TX', 'Austin, TX', 'San Antonio, TX', 'Houston, TX', 'Richardson, TX', 'Houston, TX', 'Westlake, TX', 'Burlington, VT', 'Williamsburg, VA', 'Richmond, VA', 'Charlottesville, VA', 'Falls Church, VA', 'Seattle, WA', 'Bellevue, WA', 'Tacoma, WA', 'Bothell, WA', 'Seattle, WA', 'Washington, D.C.', 'Washington, D.C.', 'Washington, D.C.', 'Waukesha, WI', 'Milwaukee, WI', 'Madison, WI']",12,10,iDTech,Beginner-Advanced,Java Coding: Build Mods with Minecraft,"Coding, Game Development",https://www.idtech.com/courses/java-coding-build-mods-with-minecraft
iD Tech Camps | Weeklong,"Don't miss this chance to design and build a dynamic game to play on your iPhone or Android device. With GameMaker and its user-friendly toolset, you will use behaviors, events, and physics to create mobile video games—all while learning core principles of game design. This course is an essential step for any aspiring mobile game designer.

Note: If you'd like us to try to install your student’s game to a device, the device must be officially supported and updated to the latest software version.","['Tempe, AZ', 'Sacramento, CA', 'Palo Alto, CA', 'San Francisco, CA', 'Santa Clara, CA', 'Santa Clara, CA', 'Moraga, CA', 'Palo Alto, CA', 'Berkeley, CA', 'Saratoga, CA', 'Pomona, CA', 'Pasadena, CA', 'Irvine, CA', 'La Jolla, CA', 'Los Angeles, CA', 'Fort Collins, CO', 'Denver, CO', 'Middletown, CT', 'Winter Park, FL', 'Coral Gables, FL', 'Jacksonville, FL', 'Tampa, FL', 'Atlanta, GA', 'Lisle, IL', 'Lake Forest, IL', 'Evanston, IL', 'Indianapolis, IN', 'Rockville, MD', 'Towson, MD', 'College Park, MD', 'Amherst, MA', 'Waltham, MA', 'Quincy, MA', 'Cambridge, MA', 'Cambridge, MA', 'Southborough, MA', 'Ann Arbor, MI', 'St. Paul, MN', 'Las Vegas, NV', 'Madison, NJ', 'Union, NJ', 'West Long Branch, NJ', 'Princeton, NJ', 'Mahwah, NJ', 'Garden City, NY', 'New York, NY', 'Purchase, NY', 'New York, NY', 'New York, NY', 'Old Westbury, NY', 'New York, NY', 'Queens, NY', 'Bronxville, NY', 'Stony Brook, NY', 'New Paltz, NY', 'Davidson, NC', 'Raleigh, NC', 'Cincinnati, OH', 'Pittsburgh, PA', 'Bethlehem, PA', 'Philadelphia, PA', 'Villanova, PA', 'West Chester, PA', 'Memphis, TN', 'Nashville, TN', 'Houston, TX', 'Dallas, TX', 'Austin, TX', 'Fort Worth, TX', 'Austin, TX', 'San Antonio, TX', 'Richardson, TX', 'Houston, TX', 'Williamsburg, VA', 'Falls Church, VA', 'Seattle, WA', 'Bothell, WA', 'Seattle, WA', 'Washington, D.C.']",12,10,iDTech,Beginner-Advanced,Make Mobile Games for iPhone and Android,Game Development,https://www.idtech.com/courses/make-mobile-games-for-iphone-and-android
iD Tech Camps | Weeklong,"Roblox is one of the fastest-growing game creation platforms on the planet, with more than 60 million players per month and top developers making over $1 million a year. In this course, you'll use Roblox’s built-in editor to create 3D worlds and then use Lua to code game mechanics. Publish, share, and play games with friends on any platform from console to mobile. Study games that have been runaway hits and learn how to implement some of the same monetization strategies.","['Hong Kong', 'Singapore', 'Tempe, AZ', 'Concord, CA', 'Sacramento, CA', 'Livermore, CA', 'Palo Alto, CA', 'San Anselmo, CA', 'San Francisco, CA', 'San Jose, CA', 'Santa Clara, CA', 'Santa Rosa, CA', 'Santa Clara, CA', 'Moraga, CA', 'Palo Alto, CA', 'Berkeley, CA', 'Saratoga, CA', 'La Mirada, CA', 'Thousand Oaks, CA', 'Pomona, CA', 'San Marcos, CA', 'Pasadena, CA', 'Long Beach, CA', 'Los Angeles, CA', 'Rancho Palos Verdes, CA', 'Pasadena, CA', 'Mission Viejo, CA', 'Irvine, CA', 'La Jolla, CA', 'Santa Barbara, CA', 'Los Angeles, CA', 'San Diego, CA', 'Fort Collins, CO', 'Highlands Ranch, CO', 'Boulder, CO', 'Denver, CO', 'Fairfield, CT', 'New Haven, CT', 'Hartford, CT', 'Middletown, CT', 'Boca Raton, FL', 'Winter Park, FL', 'Coral Gables, FL', 'Jacksonville, FL', 'Tampa, FL', 'Atlanta, GA', 'Lisle, IL', 'Chicago, IL', 'Lake Forest, IL', 'Chicago, IL', 'Evanston, IL', 'Indianapolis, IN', 'West Lafayette, IN', 'Louisville, KY', 'Rockville, MD', 'Towson, MD', 'College Park, MD', 'Amherst, MA', 'Waltham, MA', 'Quincy, MA', 'Cambridge, MA', 'Newton, MA', 'Cambridge, MA', 'Needham, MA', 'Lowell, MA', 'Ann Arbor, MI', 'St. Paul, MN', 'Kansas City, MO', 'St. Louis, MO', 'Las Vegas, NV', 'Las Vegas, NV', 'Manchester, NH', 'Madison, NJ', 'Union, NJ', 'West Long Branch, NJ', 'Montclair, NJ', 'Princeton, NJ', 'Mahwah, NJ', 'Mt Laurel, NJ', 'South Orange, NJ', 'Garden City, NY', 'New York, NY', 'Purchase, NY', 'New York, NY', 'New York, NY', 'Old Westbury, NY', 'New York, NY', 'New York, NY', 'Queens, NY', 'Bronxville, NY', 'Stony Brook, NY', 'New Paltz, NY', 'Davidson, NC', 'Raleigh, NC', 'Charlotte, NC', 'Chapel Hill, NC', 'Cleveland, OH', 'Columbus, OH', 'Cincinnati, OH', 'Portland, OR', 'Glenside, PA', 'Pittsburgh, PA', 'Bethlehem, PA', 'Philadelphia, PA', 'Villanova, PA', 'West Chester, PA', 'Memphis, TN', 'Nashville, TN', 'Houston, TX', 'Dallas, TX', 'Austin, TX', 'Fort Worth, TX', 'Austin, TX', 'San Antonio, TX', 'Houston, TX', 'Richardson, TX', 'Houston, TX', 'Westlake, TX', 'Burlington, VT', 'Williamsburg, VA', 'Richmond, VA', 'Charlottesville, VA', 'Falls Church, VA', 'Seattle, WA', 'Bellevue, WA', 'Tacoma, WA', 'Bothell, WA', 'Seattle, WA', 'Washington, D.C.', 'Washington, D.C.', 'Washington, D.C.', 'Waukesha, WI', 'Milwaukee, WI', 'Madison, WI']",12,10,iDTech,Beginner-Advanced,"Roblox Entrepreneur: Create, Code, Publish Games","Coding, Design, Game Development",https://www.idtech.com/courses/roblox-entrepreneur-create-code-publish-games
iD Tech Camps | Weeklong,"Engineer and program robots from day one with VEX IQ and ROBOTC. Be part of a ""pit crew"" and build epic remote-controlled robots, then learn how to program the robot to run autonomously. Escape danger with sonar and touch sensors, lift obstacles out of the way, and launch projectiles at targets. The future of robotics is in your hands!","['Hong Kong', 'Tempe, AZ', 'Sacramento, CA', 'San Francisco, CA', 'Santa Clara, CA', 'Santa Clara, CA', 'Moraga, CA', 'Palo Alto, CA', 'Berkeley, CA', 'Pomona, CA', 'Long Beach, CA', 'Los Angeles, CA', 'Mission Viejo, CA', 'Irvine, CA', 'La Jolla, CA', 'Santa Barbara, CA', 'Los Angeles, CA', 'Denver, CO', 'New Haven, CT', 'Winter Park, FL', 'Coral Gables, FL', 'Jacksonville, FL', 'Atlanta, GA', 'Lisle, IL', 'Lake Forest, IL', 'West Lafayette, IN', 'College Park, MD', 'Waltham, MA', 'Newton, MA', 'Cambridge, MA', 'Needham, MA', 'Southborough, MA', 'Ann Arbor, MI', 'St. Paul, MN', 'St. Louis, MO', 'Las Vegas, NV', 'Madison, NJ', 'Princeton, NJ', 'New York, NY', 'Old Westbury, NY', 'New York, NY', 'Queens, NY', 'Raleigh, NC', 'Chapel Hill, NC', 'Cleveland, OH', 'Pittsburgh, PA', 'Villanova, PA', 'Nashville, TN', 'Houston, TX', 'Dallas, TX', 'Austin, TX', 'Austin, TX', 'San Antonio, TX', 'Richardson, TX', 'Houston, TX', 'Bellevue, WA', 'Seattle, WA', 'Washington, D.C.', 'Milwaukee, WI', 'Madison, WI']",12,10,iDTech,Beginner-Advanced,Robotics and Visual Programming Lab with VEX IQ,"Robotics, Coding",https://www.idtech.com/courses/robotics-and-visual-programming-lab-with-vex-iq
iD Tech Camps | Weeklong,"Establish a brand and become a YouTube star! Curate an online presence with endless options for creative expression, from vlogs to tutorials to short films. Learn the fundamentals of pre-production and composition, then use professional equipment to capture footage. The drag-and-drop power of Adobe Premiere takes production to the next level and makes editing fun! Your path to video production begins here.","['Tempe, AZ', 'Sacramento, CA', 'Palo Alto, CA', 'San Francisco, CA', 'Santa Clara, CA', 'Santa Clara, CA', 'Moraga, CA', 'Palo Alto, CA', 'Berkeley, CA', 'Thousand Oaks, CA', 'Pomona, CA', 'Long Beach, CA', 'Los Angeles, CA', 'Pasadena, CA', 'Irvine, CA', 'La Jolla, CA', 'Santa Barbara, CA', 'Los Angeles, CA', 'Boulder, CO', 'Denver, CO', 'Fairfield, CT', 'New Haven, CT', 'Middletown, CT', 'Winter Park, FL', 'Coral Gables, FL', 'Tampa, FL', 'Atlanta, GA', 'Lisle, IL', 'Chicago, IL', 'Lake Forest, IL', 'Evanston, IL', 'Indianapolis, IN', 'West Lafayette, IN', 'Louisville, KY', 'Rockville, MD', 'Towson, MD', 'College Park, MD', 'Waltham, MA', 'Quincy, MA', 'Cambridge, MA', 'Cambridge, MA', 'Southborough, MA', 'Ann Arbor, MI', 'St. Paul, MN', 'Kansas City, MO', 'St. Louis, MO', 'Las Vegas, NV', 'Las Vegas, NV', 'Manchester, NH', 'Madison, NJ', 'Montclair, NJ', 'Princeton, NJ', 'Mahwah, NJ', 'Mt Laurel, NJ', 'New York, NY', 'New York, NY', 'New York, NY', 'New York, NY', 'New Paltz, NY', 'Chapel Hill, NC', 'Cleveland, OH', 'Columbus, OH', 'Cincinnati, OH', 'Pittsburgh, PA', 'Villanova, PA', 'Nashville, TN', 'Houston, TX', 'Dallas, TX', 'Austin, TX', 'Richmond, VA', 'Falls Church, VA', 'Seattle, WA', 'Washington, D.C.', 'Washington, D.C.', 'Madison, WI']",12,10,iDTech,Beginner-Advanced,Video Production: Start a YouTube Channel,Design,https://www.idtech.com/courses/video-production-for-kids-start-a-youtube-channel
iD Tech Camps | Weeklong,"Turn a passion for gaming into a professional online presence with gamecasting on YouTube. With this massively popular video style, you can stream live plays of beloved video games, or jump into production fundamentals to engineer audio and visuals for an engaging online experience to broadcast to the world. ""Let's Plays"" are the perfect opportunity to kickstart a path in video production.","['Tempe, AZ', 'Sacramento, CA', 'Palo Alto, CA', 'San Francisco, CA', 'Santa Clara, CA', 'Santa Clara, CA', 'Moraga, CA', 'Palo Alto, CA', 'Berkeley, CA', 'Thousand Oaks, CA', 'Pomona, CA', 'Long Beach, CA', 'Los Angeles, CA', 'Pasadena, CA', 'Irvine, CA', 'La Jolla, CA', 'Santa Barbara, CA', 'Los Angeles, CA', 'Boulder, CO', 'Denver, CO', 'Fairfield, CT', 'New Haven, CT', 'Middletown, CT', 'Winter Park, FL', 'Coral Gables, FL', 'Tampa, FL', 'Atlanta, GA', 'Lisle, IL', 'Chicago, IL', 'Lake Forest, IL', 'Evanston, IL', 'Indianapolis, IN', 'West Lafayette, IN', 'Louisville, KY', 'Rockville, MD', 'Towson, MD', 'College Park, MD', 'Waltham, MA', 'Quincy, MA', 'Cambridge, MA', 'Cambridge, MA', 'Southborough, MA', 'Ann Arbor, MI', 'St. Paul, MN', 'Kansas City, MO', 'St. Louis, MO', 'Las Vegas, NV', 'Las Vegas, NV', 'Manchester, NH', 'Madison, NJ', 'Montclair, NJ', 'Princeton, NJ', 'Mahwah, NJ', 'Mt Laurel, NJ', 'New York, NY', 'New York, NY', 'New York, NY', 'New York, NY', 'New Paltz, NY', 'Chapel Hill, NC', 'Cleveland, OH', 'Columbus, OH', 'Cincinnati, OH', 'Pittsburgh, PA', 'Villanova, PA', 'Nashville, TN', 'Houston, TX', 'Dallas, TX', 'Austin, TX', 'Richmond, VA', 'Falls Church, VA', 'Seattle, WA', 'Washington, D.C.', 'Washington, D.C.', 'Madison, WI']",12,10,iDTech,Beginner-Advanced,YouTube Gamecasting and Video Production,Design,https://www.idtech.com/courses/youtube-gamecasting-and-video-production
Alexa Cafe | Weeklong,"Dive into 3D art creation with Autodesk Maya, the 3D modeling and animation software package used by the pros. Build the skills and techniques it takes to make models from scratch, then learn to bring those models to life with animation. This course turns imagination into reality, encouraging you to share your vision and inspire others.","['Palo Alto, CA', 'Palo Alto, CA', 'Berkeley, CA', 'Pasadena, CA', 'Irvine, CA', 'La Jolla, CA', 'Los Angeles, CA', 'Denver, CO', 'Atlanta, GA', 'Lake Forest, IL', 'Boston, MA', 'St. Paul, MN', 'Summit, NJ', 'New York, NY', 'Bryn Mawr, PA', 'Nashville, TN', 'Houston, TX', 'Seattle, WA']",15,10,iDTech,Beginner-Advanced,3D Studio: Modeling and Animation,Design,https://www.idtech.com/courses/3d-studio-modeling-and-animation
Alexa Cafe | Weeklong,"Get a head start on a solid coding path with the power of Java—one of the most relevant, in-demand programming languages on the market today. Create a Java application and build essential computer science skills for college and beyond.","['Palo Alto, CA', 'Palo Alto, CA', 'Berkeley, CA', 'Pasadena, CA', 'Irvine, CA', 'La Jolla, CA', 'Los Angeles, CA', 'Denver, CO', 'Atlanta, GA', 'Lake Forest, IL', 'Boston, MA', 'St. Paul, MN', 'Summit, NJ', 'New York, NY', 'Bryn Mawr, PA', 'Nashville, TN', 'Houston, TX', 'Seattle, WA']",15,10,iDTech,Beginner-Advanced,Code Cafe: Development with Java,Coding,https://www.idtech.com/courses/code-cafe-development-with-java
Alexa Cafe | Weeklong,"Learn electrical engineering and coding using a take-home LilyPad Arduino. Create wearable electronics that spring to life with lights and sensors, prototyping devices that amaze and inspire—the perfect balance of creativity and tech.","['Palo Alto, CA', 'Palo Alto, CA', 'Berkeley, CA', 'Pasadena, CA', 'Irvine, CA', 'La Jolla, CA', 'Los Angeles, CA', 'Atlanta, GA', 'Lake Forest, IL', 'Ann Arbor, MI', 'St. Paul, MN', 'Las Vegas, NV', 'Summit, NJ', 'New York, NY', 'Bryn Mawr, PA', 'Nashville, TN', 'Houston, TX', 'Seattle, WA']",15,10,iDTech,Beginner-Advanced,Engineer Shop: Build and Code Wearable Tech,"Coding, Robotics",https://www.idtech.com/courses/engineer-shop-build-and-code-wearable-tech
Alexa Cafe | Weeklong,"Use vlogs, tutorials, or video shorts to establish an online presence with pro-level cameras and the drag-and-drop power of Adobe Premiere. Learn the basics of filming, editing, and screen capture to promote a cause or start a YouTube channel. Girls also explore digital citizenship and end the week by uploading projects to YouTube to share with the world (or maybe just their friends).","['Palo Alto, CA', 'Palo Alto, CA', 'Berkeley, CA', 'Pasadena, CA', 'Irvine, CA', 'La Jolla, CA', 'Los Angeles, CA', 'Denver, CO', 'Atlanta, GA', 'Lake Forest, IL', 'Boston, MA', 'Ann Arbor, MI', 'St. Paul, MN', 'Las Vegas, NV', 'New York, NY', 'Bryn Mawr, PA', 'Nashville, TN', 'Houston, TX', 'Seattle, WA']",15,10,iDTech,Beginner-Advanced,Film Studio: Video Production for Social Movements,Design,https://www.idtech.com/courses/film-studio-video-production-for-social-movements
Alexa Cafe | Weeklong,Use Java and its extensive Processing graphics library to hone programming skills and bring games and visual art to life. Share a unique vision with code creations and dive into the art of game programming to develop a game from start to finish.,"['Palo Alto, CA', 'Palo Alto, CA', 'Berkeley, CA', 'Pasadena, CA', 'Irvine, CA', 'La Jolla, CA', 'Los Angeles, CA', 'Denver, CO', 'Atlanta, GA', 'Lake Forest, IL', 'Boston, MA', 'St. Paul, MN', 'Summit, NJ', 'New York, NY', 'Bryn Mawr, PA', 'Nashville, TN', 'Houston, TX', 'Seattle, WA']",15,10,iDTech,Beginner-Advanced,Game Station: Code Games with Java,"Coding, Game Development",https://www.idtech.com/courses/game-station-code-games-with-java
Alexa Cafe | Weeklong,"Learn how to capture the perfect shot and build your photography portfolio. Equipped with professional DSLR cameras and tools from Adobe, explore the technical and creative aspects of photography and digital editing. Then put polished photos on Instagram, crafting a personal brand and follow-worthy online presence.","['Palo Alto, CA', 'Palo Alto, CA', 'Berkeley, CA', 'Pasadena, CA', 'Irvine, CA', 'La Jolla, CA', 'Los Angeles, CA', 'Denver, CO', 'Atlanta, GA', 'Lake Forest, IL', 'Boston, MA', 'Ann Arbor, MI', 'St. Paul, MN', 'New York, NY', 'Bryn Mawr, PA', 'Nashville, TN', 'Houston, TX', 'Seattle, WA']",15,10,iDTech,Beginner-Advanced,Photo Booth: Pro Photography for Instagram,Design,https://www.idtech.com/courses/photo-booth-pro-photography-for-instagram
Alexa Cafe | Weeklong,"From inexpensive prosthetic limbs to crucial surgical tools in remote areas, 3D-printed objects are changing the world—the possibilities to make a difference are endless. Learn to use professional modeling software to design intricate objects, prepare them for printing, and then watch them take shape.

Students will be given a voucher that will allow them to order a 3D printer free of charge if delivery is within the United States.","['Palo Alto, CA', 'Palo Alto, CA', 'Berkeley, CA', 'Pasadena, CA', 'Irvine, CA', 'La Jolla, CA', 'Denver, CO', 'Atlanta, GA', 'Lake Forest, IL', 'Boston, MA', 'Ann Arbor, MI', 'St. Paul, MN', 'Las Vegas, NV', 'Summit, NJ', 'Bryn Mawr, PA', 'Nashville, TN', 'Houston, TX', 'Seattle, WA']",15,10,iDTech,Beginner-Advanced,Print Shop: 3D Printing withTake-Home Printer,Design,https://www.idtech.com/courses/print-shop-3d-printing
Alexa Cafe | Weeklong,"Meet Cozmo, your new coding buddy. Whether it's used for fun or PhD-level robotics research, Cozmo is ready to learn. Do more than just code with Python while teaching Cozmo—see and feel the program's effects and the power of artificial intelligence. Code Cozmo to be gleeful and cheer up a friend or safeguard a room with its facial recognition. Cozmo is more than a computer, it's a companion on a journey into a world of coding adventures.

Students will be given a voucher that will allow them to order a Cozmo free of charge if delivery is within the United States.","['Palo Alto, CA', 'Palo Alto, CA', 'Berkeley, CA', 'Pasadena, CA', 'Irvine, CA', 'Los Angeles, CA', 'Denver, CO', 'Atlanta, GA', 'Boston, MA', 'Ann Arbor, MI', 'St. Paul, MN', 'Las Vegas, NV', 'Summit, NJ', 'New York, NY', 'Bryn Mawr, PA', 'Houston, TX', 'Seattle, WA']",15,10,iDTech,Beginner-Advanced,Robo Squad: Robotics and AI with Your Own Cozmo,"Coding, Robotics",https://www.idtech.com/courses/robo-squad-robotics-and-ai-with-cozmo
iD Tech Camps | Weeklong,"Develop 3D modeling and design fundamentals while imagining and then creating unique designs with Autodesk Maya. Watch models come to life on 3D printers and take them home! 3D printing is revolutionizing industries worldwide—including crucial surgical tools in remote areas and inexpensive prosthetic limbs—so don't miss out on this essential new skill.

Students will be given a voucher that will allow them to order a 3D printer free of charge if delivery is within the United States.","['Tempe, AZ', 'Santa Clara, CA', 'Palo Alto, CA', 'Berkeley, CA', 'Irvine, CA', 'La Jolla, CA', 'Los Angeles, CA', 'San Diego, CA', 'Denver, CO', 'Coral Gables, FL', 'Atlanta, GA', 'Lisle, IL', 'Lake Forest, IL', 'Indianapolis, IN', 'West Lafayette, IN', 'Waltham, MA', 'Cambridge, MA', 'Cambridge, MA', 'Ann Arbor, MI', 'St. Paul, MN', 'St. Louis, MO', 'Princeton, NJ', 'New York, NY', 'Old Westbury, NY', 'New York, NY', 'Bronxville, NY', 'Chapel Hill, NC', 'Cincinnati, OH', 'Pittsburgh, PA', 'Villanova, PA', 'Houston, TX', 'Austin, TX', 'Falls Church, VA', 'Seattle, WA', 'Seattle, WA', 'Washington, D.C.']",17,13,iDTech,Beginner-Advanced,3D Modeling and Printing with Take-Home Printer,Design,https://www.idtech.com/courses/3d-modeling-and-printing
iD Tech Camps | Weeklong,"The path to become a 3D modeler begins now! Create stunning 3D characters, environmental assets, and more with Autodesk Maya—a powerful toolset the professionals use to create characters and environments. Understand and implement modeling practices and learn how to take inspiration from real-world surroundings. Then render those creations to include lighting, shadows, and textures, bringing assets to 3D life.","['Tempe, AZ', 'Sacramento, CA', 'Santa Clara, CA', 'Palo Alto, CA', 'Berkeley, CA', 'Pomona, CA', 'Pasadena, CA', 'Irvine, CA', 'La Jolla, CA', 'Los Angeles, CA', 'Fort Collins, CO', 'Boulder, CO', 'Denver, CO', 'Fairfield, CT', 'New Haven, CT', 'Middletown, CT', 'Boca Raton, FL', 'Winter Park, FL', 'Coral Gables, FL', 'Tampa, FL', 'Atlanta, GA', 'Lake Forest, IL', 'Indianapolis, IN', 'West Lafayette, IN', 'Rockville, MD', 'Amherst, MA', 'Waltham, MA', 'Cambridge, MA', 'Cambridge, MA', 'Ann Arbor, MI', 'St. Paul, MN', 'Kansas City, MO', 'Montclair, NJ', 'Princeton, NJ', 'Mahwah, NJ', 'New York, NY', 'New York, NY', 'New York, NY', 'Stony Brook, NY', 'New Paltz, NY', 'Davidson, NC', 'Charlotte, NC', 'Chapel Hill, NC', 'Columbus, OH', 'Portland, OR', 'Pittsburgh, PA', 'Philadelphia, PA', 'Villanova, PA', 'Memphis, TN', 'Nashville, TN', 'Houston, TX', 'Dallas, TX', 'Austin, TX', 'San Antonio, TX', 'Williamsburg, VA', 'Charlottesville, VA', 'Falls Church, VA', 'Seattle, WA', 'Seattle, WA', 'Washington, D.C.', 'Washington, D.C.', 'Madison, WI']",17,13,iDTech,Beginner-Advanced,3D Modeling with Autodesk Maya,Design,https://www.idtech.com/courses/3d-modeling-with-autodesk-maya
iD Tech Camps | Weeklong,"What if your code could turn pictures of horses into zebras, tell the difference between cats and dogs, and beat world champions at chess? Step aside black magic, machine learning is here and performing tasks people used to believe were only possible in fantasy worlds. Dive into this developing field using data sets, probability, statistics and more, with tools like Python and TensorFlow (which helps computers emulate the way a brain works) to turn yesterday's dreams into reality.","['Hong Kong', 'Hong Kong', 'Singapore', 'Tempe, AZ', 'Sacramento, CA', 'San Jose, CA', 'San Francisco, CA', 'San Jose, CA', 'Santa Clara, CA', 'Santa Clara, CA', 'Palo Alto, CA', 'Berkeley, CA', 'Saratoga, CA', 'La Mirada, CA', 'Pomona, CA', 'San Marcos, CA', 'Pasadena, CA', 'Rancho Palos Verdes, CA', 'Irvine, CA', 'La Jolla, CA', 'Los Angeles, CA', 'Fort Collins, CO', 'Boulder, CO', 'Denver, CO', 'Fairfield, CT', 'Hartford, CT', 'Middletown, CT', 'Boca Raton, FL', 'Winter Park, FL', 'Coral Gables, FL', 'Jacksonville, FL', 'Tampa, FL', 'Atlanta, GA', 'Lisle, IL', 'Chicago, IL', 'Lake Forest, IL', 'Evanston, IL', 'Indianapolis, IN', 'West Lafayette, IN', 'Rockville, MD', 'Towson, MD', 'College Park, MD', 'Amherst, MA', 'Waltham, MA', 'Beverly, MA', 'Cambridge, MA', 'Cambridge, MA', 'Needham, MA', 'Southborough, MA', 'Lowell, MA', 'Ann Arbor, MI', 'St. Paul, MN', 'Kansas City, MO', 'St. Louis, MO', 'Manchester, NH', 'Madison, NJ', 'West Long Branch, NJ', 'Montclair, NJ', 'Princeton, NJ', 'Mahwah, NJ', 'South Orange, NJ', 'Garden City, NY', 'New York, NY', 'Purchase, NY', 'New York, NY', 'New York, NY', 'New York, NY', 'Bronxville, NY', 'Stony Brook, NY', 'New Paltz, NY', 'Raleigh, NC', 'Charlotte, NC', 'Chapel Hill, NC', 'Cleveland, OH', 'Columbus, OH', 'Cincinnati, OH', 'Portland, OR', 'Glenside, PA', 'Pittsburgh, PA', 'Bethlehem, PA', 'Philadelphia, PA', 'Villanova, PA', 'West Chester, PA', 'Memphis, TN', 'Nashville, TN', 'Houston, TX', 'Dallas, TX', 'Austin, TX', 'Austin, TX', 'San Antonio, TX', 'Richardson, TX', 'Westlake, TX', 'Williamsburg, VA', 'Charlottesville, VA', 'Falls Church, VA', 'Seattle, WA', 'Tacoma, WA', 'Bothell, WA', 'Seattle, WA', 'Washington, D.C.', 'Washington, D.C.', 'Washington, D.C.', 'Milwaukee, WI', 'Madison, WI']",17,13,iDTech,Beginner-Advanced,Artificial Intelligence and Machine Learning,Coding,https://www.idtech.com/courses/artificial-intelligence-and-machine-learning
iD Tech Camps | Weeklong,"Start the week building a take-home laptop from a Raspberry Pi and other circuit boards. By day two, power up the laptop and discover the potential of the pi-top. Use the pi-topPULSE, an Amazon Web Services capable device, to create a variety of inventions—a flappy game, a song, or a lightshow. With something for everyone from tinkerers to aspiring coders, it starts here.","['Hong Kong', 'Hong Kong', 'Singapore', 'Tempe, AZ', 'Concord, CA', 'Sacramento, CA', 'Livermore, CA', 'San Anselmo, CA', 'San Francisco, CA', 'San Jose, CA', 'Santa Clara, CA', 'Santa Rosa, CA', 'Santa Clara, CA', 'Moraga, CA', 'Palo Alto, CA', 'Berkeley, CA', 'Saratoga, CA', 'La Mirada, CA', 'Pomona, CA', 'Pasadena, CA', 'Long Beach, CA', 'Los Angeles, CA', 'Mission Viejo, CA', 'Irvine, CA', 'La Jolla, CA', 'Santa Barbara, CA', 'Los Angeles, CA', 'San Diego, CA', 'Boulder, CO', 'Denver, CO', 'Fairfield, CT', 'New Haven, CT', 'Hartford, CT', 'Middletown, CT', 'Boca Raton, FL', 'Winter Park, FL', 'Coral Gables, FL', 'Tampa, FL', 'Atlanta, GA', 'Lisle, IL', 'Chicago, IL', 'Lake Forest, IL', 'Evanston, IL', 'Indianapolis, IN', 'West Lafayette, IN', 'Louisville, KY', 'Rockville, MD', 'Towson, MD', 'College Park, MD', 'Amherst, MA', 'Waltham, MA', 'Beverly, MA', 'Cambridge, MA', 'Cambridge, MA', 'Needham, MA', 'Southborough, MA', 'Lowell, MA', 'Ann Arbor, MI', 'St. Paul, MN', 'Kansas City, MO', 'St. Louis, MO', 'Las Vegas, NV', 'Manchester, NH', 'Madison, NJ', 'Union, NJ', 'West Long Branch, NJ', 'Montclair, NJ', 'Princeton, NJ', 'Mahwah, NJ', 'Mt Laurel, NJ', 'South Orange, NJ', 'Garden City, NY', 'New York, NY', 'Purchase, NY', 'New York, NY', 'New York, NY', 'Old Westbury, NY', 'New York, NY', 'Queens, NY', 'Bronxville, NY', 'Stony Brook, NY', 'New Paltz, NY', 'Davidson, NC', 'Raleigh, NC', 'Chapel Hill, NC', 'Cleveland, OH', 'Columbus, OH', 'Cincinnati, OH', 'Portland, OR', 'Pittsburgh, PA', 'Bethlehem, PA', 'Villanova, PA', 'West Chester, PA', 'Memphis, TN', 'Nashville, TN', 'Houston, TX', 'Dallas, TX', 'Austin, TX', 'Fort Worth, TX', 'Austin, TX', 'San Antonio, TX', 'Houston, TX', 'Richardson, TX', 'Houston, TX', 'Westlake, TX', 'Williamsburg, VA', 'Richmond, VA', 'Charlottesville, VA', 'Falls Church, VA', 'Seattle, WA', 'Tacoma, WA', 'Bothell, WA', 'Seattle, WA', 'Washington, D.C.', 'Washington, D.C.', 'Washington, D.C.', 'Waukesha, WI', 'Milwaukee, WI', 'Madison, WI']",17,13,iDTech,Beginner-Advanced,"Assemble, Invent, and Code Your Take-Home Laptop","Coding, Robotics",https://www.idtech.com/courses/assemble-invent-and-code-a-laptop
iD Tech Camps | Weeklong,"Learn the fundamentals of C++, one of the world's most essential programming languages, with applications spanning from system software to video games. Knowing C++ opens the door to the vast world of coding and development, no matter what you dream up. Use the industry-standard Microsoft Visual Studio Community to create impressive projects during the week.","['Hong Kong', 'Hong Kong', 'Singapore', 'Tempe, AZ', 'Sacramento, CA', 'San Jose, CA', 'Santa Clara, CA', 'Santa Clara, CA', 'Palo Alto, CA', 'Berkeley, CA', 'Saratoga, CA', 'Thousand Oaks, CA', 'Pomona, CA', 'San Marcos, CA', 'Pasadena, CA', 'Irvine, CA', 'La Jolla, CA', 'Los Angeles, CA', 'Boulder, CO', 'Denver, CO', 'Fairfield, CT', 'Middletown, CT', 'Boca Raton, FL', 'Winter Park, FL', 'Coral Gables, FL', 'Jacksonville, FL', 'Tampa, FL', 'Atlanta, GA', 'Lisle, IL', 'Lake Forest, IL', 'Chicago, IL', 'Evanston, IL', 'Indianapolis, IN', 'West Lafayette, IN', 'Rockville, MD', 'Towson, MD', 'College Park, MD', 'Waltham, MA', 'Cambridge, MA', 'Cambridge, MA', 'Needham, MA', 'Lowell, MA', 'Ann Arbor, MI', 'St. Paul, MN', 'St. Louis, MO', 'Las Vegas, NV', 'Manchester, NH', 'Madison, NJ', 'West Long Branch, NJ', 'Montclair, NJ', 'Princeton, NJ', 'Mahwah, NJ', 'South Orange, NJ', 'Garden City, NY', 'New York, NY', 'New York, NY', 'New York, NY', 'Old Westbury, NY', 'New York, NY', 'New Paltz, NY', 'Davidson, NC', 'Charlotte, NC', 'Chapel Hill, NC', 'Cleveland, OH', 'Columbus, OH', 'Cincinnati, OH', 'Portland, OR', 'Pittsburgh, PA', 'Bethlehem, PA', 'Philadelphia, PA', 'Villanova, PA', 'West Chester, PA', 'Nashville, TN', 'Houston, TX', 'Dallas, TX', 'Fort Worth, TX', 'Austin, TX', 'Houston, TX', 'Richardson, TX', 'Houston, TX', 'Richmond, VA', 'Charlottesville, VA', 'Falls Church, VA', 'Seattle, WA', 'Seattle, WA', 'Washington, D.C.', 'Washington, D.C.', 'Madison, WI']",17,13,iDTech,Beginner-Advanced,Code Apps with C++,Coding,https://www.idtech.com/courses/code-apps-with-c
iD Tech Camps | Weeklong,Learn the fundamentals of Java—one of the most relevant and long-standing programming languages in the world today. Java has dozens of uses from game development to business apps. Get a head start on prep for the AP Computer Science Exam and build a resume colleges will fight over. It all starts with building your own Java application.,"['Hong Kong', 'Hong Kong', 'Singapore', 'Tempe, AZ', 'Concord, CA', 'Sacramento, CA', 'Livermore, CA', 'San Jose, CA', 'San Anselmo, CA', 'San Francisco, CA', 'San Jose, CA', 'Santa Clara, CA', 'Santa Rosa, CA', 'Santa Clara, CA', 'Moraga, CA', 'Palo Alto, CA', 'Berkeley, CA', 'Saratoga, CA', 'Thousand Oaks, CA', 'Pomona, CA', 'Pasadena, CA', 'Long Beach, CA', 'Los Angeles, CA', 'Rancho Palos Verdes, CA', 'Mission Viejo, CA', 'Irvine, CA', 'La Jolla, CA', 'Santa Barbara, CA', 'Los Angeles, CA', 'San Diego, CA', 'Fort Collins, CO', 'Highlands Ranch, CO', 'Boulder, CO', 'Denver, CO', 'Fairfield, CT', 'New Haven, CT', 'Hartford, CT', 'Middletown, CT', 'Boca Raton, FL', 'Winter Park, FL', 'Coral Gables, FL', 'Jacksonville, FL', 'Tampa, FL', 'Atlanta, GA', 'Lisle, IL', 'Chicago, IL', 'Lake Forest, IL', 'Chicago, IL', 'Evanston, IL', 'Indianapolis, IN', 'West Lafayette, IN', 'Louisville, KY', 'Rockville, MD', 'Towson, MD', 'College Park, MD', 'Amherst, MA', 'Waltham, MA', 'Quincy, MA', 'Beverly, MA', 'Cambridge, MA', 'Cambridge, MA', 'Needham, MA', 'Southborough, MA', 'Lowell, MA', 'Ann Arbor, MI', 'St. Paul, MN', 'Kansas City, MO', 'St. Louis, MO', 'Las Vegas, NV', 'Las Vegas, NV', 'Manchester, NH', 'Madison, NJ', 'Union, NJ', 'West Long Branch, NJ', 'Montclair, NJ', 'Princeton, NJ', 'Mahwah, NJ', 'Mt Laurel, NJ', 'South Orange, NJ', 'Garden City, NY', 'New York, NY', 'Purchase, NY', 'New York, NY', 'New York, NY', 'Old Westbury, NY', 'New York, NY', 'Queens, NY', 'Bronxville, NY', 'Stony Brook, NY', 'New Paltz, NY', 'Davidson, NC', 'Raleigh, NC', 'Charlotte, NC', 'Chapel Hill, NC', 'Cleveland, OH', 'Columbus, OH', 'Cincinnati, OH', 'Portland, OR', 'Glenside, PA', 'Pittsburgh, PA', 'Bethlehem, PA', 'Philadelphia, PA', 'Villanova, PA', 'West Chester, PA', 'Memphis, TN', 'Nashville, TN', 'Houston, TX', 'Dallas, TX', 'Austin, TX', 'Fort Worth, TX', 'Austin, TX', 'San Antonio, TX', 'Houston, TX', 'Richardson, TX', 'Houston, TX', 'Westlake, TX', 'Burlington, VT', 'Williamsburg, VA', 'Richmond, VA', 'Charlottesville, VA', 'Falls Church, VA', 'Seattle, WA', 'Tacoma, WA', 'Bothell, WA', 'Seattle, WA', 'Washington, D.C.', 'Washington, D.C.', 'Washington, D.C.', 'Waukesha, WI', 'Madison, WI']",17,13,iDTech,Beginner-Advanced,Code Apps with Java,Coding,https://www.idtech.com/courses/code-apps-with-java
iD Tech Camps | Weeklong,"Create games and discover the intersection of coding and visual arts! You'll learn Java, one of the world's most widely used and indispensable programming languages, and use the Processing library to add graphics to your own arcade games. Dive into the art of game creation and build a portfolio colleges will notice.","['Hong Kong', 'Hong Kong', 'Singapore', 'Tempe, AZ', 'Concord, CA', 'Sacramento, CA', 'Livermore, CA', 'San Jose, CA', 'San Anselmo, CA', 'San Francisco, CA', 'San Jose, CA', 'Santa Clara, CA', 'Santa Rosa, CA', 'Santa Clara, CA', 'Moraga, CA', 'Palo Alto, CA', 'Berkeley, CA', 'Saratoga, CA', 'Thousand Oaks, CA', 'Pomona, CA', 'Pasadena, CA', 'Long Beach, CA', 'Los Angeles, CA', 'Rancho Palos Verdes, CA', 'Mission Viejo, CA', 'Irvine, CA', 'La Jolla, CA', 'Santa Barbara, CA', 'Los Angeles, CA', 'San Diego, CA', 'Fort Collins, CO', 'Highlands Ranch, CO', 'Boulder, CO', 'Denver, CO', 'Fairfield, CT', 'New Haven, CT', 'Hartford, CT', 'Middletown, CT', 'Boca Raton, FL', 'Winter Park, FL', 'Coral Gables, FL', 'Jacksonville, FL', 'Tampa, FL', 'Atlanta, GA', 'Lisle, IL', 'Chicago, IL', 'Lake Forest, IL', 'Chicago, IL', 'Evanston, IL', 'Indianapolis, IN', 'West Lafayette, IN', 'Louisville, KY', 'Rockville, MD', 'Towson, MD', 'College Park, MD', 'Amherst, MA', 'Waltham, MA', 'Quincy, MA', 'Beverly, MA', 'Cambridge, MA', 'Cambridge, MA', 'Needham, MA', 'Southborough, MA', 'Lowell, MA', 'Ann Arbor, MI', 'St. Paul, MN', 'Kansas City, MO', 'St. Louis, MO', 'Las Vegas, NV', 'Manchester, NH', 'Madison, NJ', 'Union, NJ', 'West Long Branch, NJ', 'Montclair, NJ', 'Princeton, NJ', 'Mahwah, NJ', 'Mt Laurel, NJ', 'South Orange, NJ', 'Garden City, NY', 'New York, NY', 'Purchase, NY', 'New York, NY', 'New York, NY', 'Old Westbury, NY', 'New York, NY', 'Queens, NY', 'Bronxville, NY', 'Stony Brook, NY', 'New Paltz, NY', 'Davidson, NC', 'Raleigh, NC', 'Charlotte, NC', 'Chapel Hill, NC', 'Cleveland, OH', 'Columbus, OH', 'Cincinnati, OH', 'Portland, OR', 'Glenside, PA', 'Pittsburgh, PA', 'Bethlehem, PA', 'Philadelphia, PA', 'Villanova, PA', 'West Chester, PA', 'Memphis, TN', 'Nashville, TN', 'Houston, TX', 'Dallas, TX', 'Austin, TX', 'Fort Worth, TX', 'Austin, TX', 'San Antonio, TX', 'Houston, TX', 'Richardson, TX', 'Houston, TX', 'Westlake, TX', 'Burlington, VT', 'Williamsburg, VA', 'Richmond, VA', 'Charlottesville, VA', 'Falls Church, VA', 'Seattle, WA', 'Tacoma, WA', 'Bothell, WA', 'Seattle, WA', 'Washington, D.C.', 'Washington, D.C.', 'Washington, D.C.', 'Waukesha, WI', 'Madison, WI']",17,13,iDTech,Beginner-Advanced,Code and Develop Games with Java,"Coding, Game Development",https://www.idtech.com/courses/code-and-develop-games-with-java
iD Tech Camps | Weeklong,"Build a foundation of computational thinking by playing logic games and building simple assembly programs. Use that knowledge to move on to object-oriented programming with C++. Come away with a thorough understanding of computing, all it has to offer, and where to take it next. (Computer Science degree, anyone?)","['Hong Kong', 'Singapore', 'Tempe, AZ', 'Concord, CA', 'Sacramento, CA', 'Livermore, CA', 'San Francisco, CA', 'San Jose, CA', 'Santa Clara, CA', 'Santa Rosa, CA', 'Moraga, CA', 'Palo Alto, CA', 'Berkeley, CA', 'Saratoga, CA', 'Thousand Oaks, CA', 'Pomona, CA', 'San Marcos, CA', 'Pasadena, CA', 'Long Beach, CA', 'Mission Viejo, CA', 'Irvine, CA', 'Los Angeles, CA', 'Fort Collins, CO', 'Highlands Ranch, CO', 'Boulder, CO', 'Denver, CO', 'Fairfield, CT', 'Hartford, CT', 'Middletown, CT', 'Boca Raton, FL', 'Winter Park, FL', 'Coral Gables, FL', 'Jacksonville, FL', 'Tampa, FL', 'Atlanta, GA', 'Lisle, IL', 'Chicago, IL', 'Lake Forest, IL', 'Chicago, IL', 'Evanston, IL', 'Indianapolis, IN', 'West Lafayette, IN', 'Louisville, KY', 'Rockville, MD', 'Towson, MD', 'College Park, MD', 'Amherst, MA', 'Waltham, MA', 'Quincy, MA', 'Beverly, MA', 'Cambridge, MA', 'Cambridge, MA', 'Needham, MA', 'Southborough, MA', 'Lowell, MA', 'Ann Arbor, MI', 'St. Paul, MN', 'Kansas City, MO', 'St. Louis, MO', 'Las Vegas, NV', 'Madison, NJ', 'Union, NJ', 'Montclair, NJ', 'Princeton, NJ', 'Mahwah, NJ', 'Mt Laurel, NJ', 'South Orange, NJ', 'Garden City, NY', 'New York, NY', 'Purchase, NY', 'New York, NY', 'New York, NY', 'Old Westbury, NY', 'New York, NY', 'Queens, NY', 'Bronxville, NY', 'Stony Brook, NY', 'Davidson, NC', 'Raleigh, NC', 'Charlotte, NC', 'Chapel Hill, NC', 'Cleveland, OH', 'Columbus, OH', 'Cincinnati, OH', 'Portland, OR', 'Pittsburgh, PA', 'Bethlehem, PA', 'Villanova, PA', 'West Chester, PA', 'Memphis, TN', 'Nashville, TN', 'Houston, TX', 'Dallas, TX', 'Austin, TX', 'Fort Worth, TX', 'Austin, TX', 'San Antonio, TX', 'Houston, TX', 'Richardson, TX', 'Houston, TX', 'Westlake, TX', 'Burlington, VT', 'Williamsburg, VA', 'Richmond, VA', 'Charlottesville, VA', 'Falls Church, VA', 'Seattle, WA', 'Bothell, WA', 'Seattle, WA', 'Washington, D.C.', 'Washington, D.C.', 'Milwaukee, WI', 'Madison, WI']",17,13,iDTech,Beginner-Intermediate,Coding and Development 101,Coding,https://www.idtech.com/courses/coding-and-development-101
iD Tech Camps | Weeklong,"Discover the history of encryption, which dates all the way back to the time of Caesar, yet is more relevant now than ever. Code your own encrypted message creator before sending secrets back and forth between your classmates, staying one step ahead of would-be cyber attacks. Develop impressive cryptographic abilities, then learn how to encrypt data with programs and computers and see how they relate to modern cybersecurity. Like they always say: Lo cebo dy nbsxu iyeb Yfkvdsxo.","['Tempe, AZ', 'Sacramento, CA', 'San Francisco, CA', 'San Jose, CA', 'Santa Clara, CA', 'Moraga, CA', 'Palo Alto, CA', 'Berkeley, CA', 'Thousand Oaks, CA', 'Pomona, CA', 'San Marcos, CA', 'Pasadena, CA', 'Irvine, CA', 'La Jolla, CA', 'Los Angeles, CA', 'Denver, CO', 'Fairfield, CT', 'Middletown, CT', 'Boca Raton, FL', 'Winter Park, FL', 'Coral Gables, FL', 'Jacksonville, FL', 'Tampa, FL', 'Atlanta, GA', 'Lisle, IL', 'Lake Forest, IL', 'Evanston, IL', 'Indianapolis, IN', 'West Lafayette, IN', 'Rockville, MD', 'Towson, MD', 'College Park, MD', 'Waltham, MA', 'Beverly, MA', 'Cambridge, MA', 'Cambridge, MA', 'Lowell, MA', 'Ann Arbor, MI', 'St. Paul, MN', 'Kansas City, MO', 'St. Louis, MO', 'Madison, NJ', 'West Long Branch, NJ', 'Montclair, NJ', 'Princeton, NJ', 'Mahwah, NJ', 'Mt Laurel, NJ', 'South Orange, NJ', 'Garden City, NY', 'New York, NY', 'New York, NY', 'New York, NY', 'Old Westbury, NY', 'New York, NY', 'Queens, NY', 'New Paltz, NY', 'Davidson, NC', 'Raleigh, NC', 'Charlotte, NC', 'Chapel Hill, NC', 'Columbus, OH', 'Cincinnati, OH', 'Portland, OR', 'Pittsburgh, PA', 'Villanova, PA', 'West Chester, PA', 'Nashville, TN', 'Houston, TX', 'Dallas, TX', 'Austin, TX', 'Fort Worth, TX', 'San Antonio, TX', 'Williamsburg, VA', 'Richmond, VA', 'Charlottesville, VA', 'Falls Church, VA', 'Seattle, WA', 'Bothell, WA', 'Seattle, WA', 'Washington, D.C.', 'Washington, D.C.', 'Madison, WI']",17,13,iDTech,Beginner-Advanced,Cybersecurity and Encryption,Coding,https://www.idtech.com/courses/cybersecurity-and-encryption
iD Tech Camps | Weeklong,Take C++ game design to the next level by adding graphics to your programs. Use a graphics library to create arcade games in one of the world's most popular programming languages. Jump-start a game programming career while using the industry-standard Microsoft Visual Studio Community to create impressive projects.,"['Hong Kong', 'Hong Kong', 'Singapore', 'Tempe, AZ', 'Sacramento, CA', 'San Jose, CA', 'Santa Clara, CA', 'Santa Clara, CA', 'Palo Alto, CA', 'Berkeley, CA', 'Saratoga, CA', 'Thousand Oaks, CA', 'Pomona, CA', 'San Marcos, CA', 'Pasadena, CA', 'Irvine, CA', 'La Jolla, CA', 'Los Angeles, CA', 'Boulder, CO', 'Denver, CO', 'Fairfield, CT', 'Middletown, CT', 'Boca Raton, FL', 'Winter Park, FL', 'Coral Gables, FL', 'Jacksonville, FL', 'Tampa, FL', 'Atlanta, GA', 'Lisle, IL', 'Lake Forest, IL', 'Chicago, IL', 'Evanston, IL', 'Indianapolis, IN', 'West Lafayette, IN', 'Rockville, MD', 'Towson, MD', 'College Park, MD', 'Waltham, MA', 'Cambridge, MA', 'Cambridge, MA', 'Needham, MA', 'Lowell, MA', 'Ann Arbor, MI', 'St. Paul, MN', 'St. Louis, MO', 'Las Vegas, NV', 'Manchester, NH', 'Madison, NJ', 'West Long Branch, NJ', 'Montclair, NJ', 'Princeton, NJ', 'Mahwah, NJ', 'South Orange, NJ', 'Garden City, NY', 'New York, NY', 'New York, NY', 'New York, NY', 'Old Westbury, NY', 'New York, NY', 'New Paltz, NY', 'Davidson, NC', 'Charlotte, NC', 'Chapel Hill, NC', 'Cleveland, OH', 'Columbus, OH', 'Cincinnati, OH', 'Portland, OR', 'Pittsburgh, PA', 'Bethlehem, PA', 'Philadelphia, PA', 'Villanova, PA', 'West Chester, PA', 'Nashville, TN', 'Houston, TX', 'Dallas, TX', 'Fort Worth, TX', 'Austin, TX', 'Houston, TX', 'Richardson, TX', 'Houston, TX', 'Richmond, VA', 'Charlottesville, VA', 'Falls Church, VA', 'Seattle, WA', 'Seattle, WA', 'Washington, D.C.', 'Washington, D.C.', 'Madison, WI']",17,13,iDTech,Beginner-Advanced,Develop and Code Games with C++,"Coding, Game Development",https://www.idtech.com/courses/develop-and-code-games-with-c
iD Tech Camps | Weeklong,"With endless ways to express creativity, YouTube is the place to bring innovative visions to life! Make vlogs, gamecasts, tutorials, and more to establish an online presence and dive into video production. Capture footage with professional equipment and use tools like Adobe Premiere and Adobe After Effects to enhance your project.","['Tempe, AZ', 'Sacramento, CA', 'San Francisco, CA', 'Santa Clara, CA', 'Moraga, CA', 'Palo Alto, CA', 'Berkeley, CA', 'Thousand Oaks, CA', 'Pomona, CA', 'Long Beach, CA', 'Los Angeles, CA', 'Irvine, CA', 'La Jolla, CA', 'Santa Barbara, CA', 'Los Angeles, CA', 'Boulder, CO', 'Denver, CO', 'Fairfield, CT', 'Middletown, CT', 'Winter Park, FL', 'Coral Gables, FL', 'Tampa, FL', 'Atlanta, GA', 'Lisle, IL', 'Lake Forest, IL', 'Evanston, IL', 'Indianapolis, IN', 'Louisville, KY', 'Towson, MD', 'College Park, MD', 'Waltham, MA', 'Cambridge, MA', 'Cambridge, MA', 'Southborough, MA', 'Ann Arbor, MI', 'St. Paul, MN', 'Kansas City, MO', 'St. Louis, MO', 'Las Vegas, NV', 'Manchester, NH', 'Madison, NJ', 'Montclair, NJ', 'Princeton, NJ', 'Mt Laurel, NJ', 'New York, NY', 'New York, NY', 'New York, NY', 'New Paltz, NY', 'Chapel Hill, NC', 'Cleveland, OH', 'Columbus, OH', 'Cincinnati, OH', 'Pittsburgh, PA', 'Villanova, PA', 'Nashville, TN', 'Houston, TX', 'Dallas, TX', 'Austin, TX', 'Falls Church, VA', 'Seattle, WA', 'Washington, D.C.', 'Washington, D.C.', 'Madison, WI']",17,13,iDTech,Beginner-Advanced,Digital Video Production: Start a YouTube Channel,Design,https://www.idtech.com/courses/digital-video-production-start-a-youtube-channel
iD Tech Camps | Weeklong,"This summer, don't just play Fortnite—unleash the power of the game development tool used to create it. With Unreal Engine by Epic Games, you'll design your own Fortnite-inspired levels while discovering gameplay strategies, game mechanics, team-building, streaming, and level-design analysis in Fortnite. Use your new skills to build Battle Royale levels and kickstart your future as an Unreal Engine pro. Note: Fortnite does not support importing student maps in-game.","['Hong Kong', 'Tempe, AZ', 'Sacramento, CA', 'Livermore, CA', 'San Anselmo, CA', 'San Francisco, CA', 'San Jose, CA', 'Santa Clara, CA', 'Moraga, CA', 'Palo Alto, CA', 'Berkeley, CA', 'La Mirada, CA', 'Thousand Oaks, CA', 'Pomona, CA', 'San Marcos, CA', 'Pasadena, CA', 'Long Beach, CA', 'Irvine, CA', 'La Jolla, CA', 'Los Angeles, CA', 'San Diego, CA', 'Fort Collins, CO', 'Boulder, CO', 'Denver, CO', 'Fairfield, CT', 'New Haven, CT', 'Hartford, CT', 'Middletown, CT', 'Boca Raton, FL', 'Winter Park, FL', 'Coral Gables, FL', 'Jacksonville, FL', 'Atlanta, GA', 'Lisle, IL', 'Lake Forest, IL', 'Chicago, IL', 'Evanston, IL', 'Indianapolis, IN', 'West Lafayette, IN', 'Louisville, KY', 'Rockville, MD', 'Towson, MD', 'College Park, MD', 'Amherst, MA', 'Waltham, MA', 'Quincy, MA', 'Beverly, MA', 'Cambridge, MA', 'Lowell, MA', 'Ann Arbor, MI', 'St. Paul, MN', 'Kansas City, MO', 'Las Vegas, NV', 'Manchester, NH', 'Madison, NJ', 'Union, NJ', 'West Long Branch, NJ', 'Montclair, NJ', 'Princeton, NJ', 'Mahwah, NJ', 'Mt Laurel, NJ', 'South Orange, NJ', 'Garden City, NY', 'New York, NY', 'Purchase, NY', 'New York, NY', 'New York, NY', 'New York, NY', 'Queens, NY', 'Stony Brook, NY', 'New Paltz, NY', 'Davidson, NC', 'Raleigh, NC', 'Charlotte, NC', 'Chapel Hill, NC', 'Cleveland, OH', 'Columbus, OH', 'Cincinnati, OH', 'Portland, OR', 'Glenside, PA', 'Pittsburgh, PA', 'Bethlehem, PA', 'Philadelphia, PA', 'Villanova, PA', 'West Chester, PA', 'Memphis, TN', 'Nashville, TN', 'Houston, TX', 'Dallas, TX', 'Austin, TX', 'Fort Worth, TX', 'Austin, TX', 'San Antonio, TX', 'Houston, TX', 'Richardson, TX', 'Burlington, VT', 'Williamsburg, VA', 'Richmond, VA', 'Charlottesville, VA', 'Falls Church, VA', 'Seattle, WA', 'Tacoma, WA', 'Seattle, WA', 'Washington, D.C.', 'Washington, D.C.', 'Waukesha, WI', 'Milwaukee, WI', 'Madison, WI']",17,13,iDTech,Beginner-Advanced,Fortnite Camp and Unreal Engine Level Design,Game Development,https://www.idtech.com/courses/fortnite-and-unreal-engine-level-design
iD Tech Camps | Weeklong,"A future in professional game design and development starts here with two key tools: Autodesk Maya and Unreal Engine 4. Start the week in Autodesk Maya, creating original 3D art assets, then import those models into Unreal Engine 4. Customize your level with UE4's Blueprint Visual Scripting System to create new events, rules, and game mechanics. Leave this in-depth introductory course with your own professionally designed level.","['Hong Kong', 'Hong Kong', 'Singapore', 'Tempe, AZ', 'Concord, CA', 'Sacramento, CA', 'Livermore, CA', 'San Anselmo, CA', 'San Francisco, CA', 'San Jose, CA', 'Santa Clara, CA', 'Santa Rosa, CA', 'Moraga, CA', 'Palo Alto, CA', 'Berkeley, CA', 'La Mirada, CA', 'Thousand Oaks, CA', 'Pomona, CA', 'San Marcos, CA', 'Pasadena, CA', 'Long Beach, CA', 'Rancho Palos Verdes, CA', 'Mission Viejo, CA', 'Irvine, CA', 'La Jolla, CA', 'Santa Barbara, CA', 'Los Angeles, CA', 'San Diego, CA', 'Fort Collins, CO', 'Highlands Ranch, CO', 'Boulder, CO', 'Denver, CO', 'Fairfield, CT', 'Hartford, CT', 'Middletown, CT', 'Boca Raton, FL', 'Winter Park, FL', 'Coral Gables, FL', 'Jacksonville, FL', 'Tampa, FL', 'Atlanta, GA', 'Lisle, IL', 'Chicago, IL', 'Lake Forest, IL', 'Chicago, IL', 'Evanston, IL', 'Indianapolis, IN', 'West Lafayette, IN', 'Louisville, KY', 'Rockville, MD', 'Towson, MD', 'College Park, MD', 'Amherst, MA', 'Waltham, MA', 'Quincy, MA', 'Beverly, MA', 'Cambridge, MA', 'Needham, MA', 'Southborough, MA', 'Lowell, MA', 'Ann Arbor, MI', 'St. Paul, MN', 'Kansas City, MO', 'St. Louis, MO', 'Las Vegas, NV', 'Manchester, NH', 'Madison, NJ', 'Union, NJ', 'West Long Branch, NJ', 'Montclair, NJ', 'Princeton, NJ', 'Mahwah, NJ', 'Mt Laurel, NJ', 'Garden City, NY', 'New York, NY', 'Purchase, NY', 'New York, NY', 'New York, NY', 'New York, NY', 'Queens, NY', 'Bronxville, NY', 'Stony Brook, NY', 'New Paltz, NY', 'Davidson, NC', 'Raleigh, NC', 'Charlotte, NC', 'Chapel Hill, NC', 'Cleveland, OH', 'Columbus, OH', 'Cincinnati, OH', 'Portland, OR', 'Glenside, PA', 'Pittsburgh, PA', 'Bethlehem, PA', 'Philadelphia, PA', 'Villanova, PA', 'West Chester, PA', 'Memphis, TN', 'Nashville, TN', 'Houston, TX', 'Dallas, TX', 'Austin, TX', 'Fort Worth, TX', 'Austin, TX', 'San Antonio, TX', 'Houston, TX', 'Richardson, TX', 'Houston, TX', 'Westlake, TX', 'Burlington, VT', 'Williamsburg, VA', 'Richmond, VA', 'Charlottesville, VA', 'Falls Church, VA', 'Seattle, WA', 'Bothell, WA', 'Seattle, WA', 'Washington, D.C.', 'Washington, D.C.', 'Waukesha, WI', 'Milwaukee, WI', 'Madison, WI']",17,13,iDTech,Beginner-Intermediate,Game Design and Development 101,"Game Development, Design",https://www.idtech.com/courses/game-design-and-development-101
iD Tech Camps | Weeklong,"Design and develop an entire game world and become familiar with level design in Unreal Engine—the world-class photoreal game engine used to create award-winning video games. Then use Sequencer, a real-time cinematic editing and animation tool, to create dynamic cutscenes with highly detailed characters, animations, and sounds. Craft intricate stories with unlimited imagination!","['Hong Kong', 'Tempe, AZ', 'Sacramento, CA', 'San Francisco, CA', 'Santa Clara, CA', 'Palo Alto, CA', 'Berkeley, CA', 'Pomona, CA', 'Pasadena, CA', 'Long Beach, CA', 'Irvine, CA', 'La Jolla, CA', 'Los Angeles, CA', 'San Diego, CA', 'Fort Collins, CO', 'Denver, CO', 'Fairfield, CT', 'Middletown, CT', 'Boca Raton, FL', 'Winter Park, FL', 'Coral Gables, FL', 'Jacksonville, FL', 'Tampa, FL', 'Atlanta, GA', 'Lisle, IL', 'Lake Forest, IL', 'Evanston, IL', 'Towson, MD', 'College Park, MD', 'Amherst, MA', 'Waltham, MA', 'Ann Arbor, MI', 'St. Paul, MN', 'St. Louis, MO', 'Las Vegas, NV', 'Montclair, NJ', 'Princeton, NJ', 'Mahwah, NJ', 'Garden City, NY', 'New York, NY', 'Purchase, NY', 'New York, NY', 'Davidson, NC', 'Raleigh, NC', 'Charlotte, NC', 'Chapel Hill, NC', 'Cleveland, OH', 'Cincinnati, OH', 'Pittsburgh, PA', 'Villanova, PA', 'Memphis, TN', 'Nashville, TN', 'Houston, TX', 'Dallas, TX', 'Austin, TX', 'Fort Worth, TX', 'Houston, TX', 'Seattle, WA', 'Washington, D.C.', 'Washington, D.C.', 'Madison, WI']",17,13,iDTech,Beginner-Advanced,Level Design and Cinematics with Unreal,"Design, Game Development",https://www.idtech.com/courses/level-design-and-cinematics-with-unreal
iD Tech Camps | Weeklong,"Imagine a room, a level, or a whole world, then build it to scale. Maybe you'll construct cities from the bones of dragons or create a cloud metropolis where inhabitants never see the ground. Use MagicaVoxel to flesh out each setting with geometric shapes, then put the pieces together and add interactive elements in Unity, the tool used by professional game developers. Harness the endless possibilities of Unity to create immersive environments your viewers won't want to leave.","['Tempe, AZ', 'San Francisco, CA', 'Santa Clara, CA', 'Palo Alto, CA', 'Berkeley, CA', 'Pasadena, CA', 'Irvine, CA', 'La Jolla, CA', 'Los Angeles, CA', 'Denver, CO', 'Fairfield, CT', 'Middletown, CT', 'Winter Park, FL', 'Coral Gables, FL', 'Atlanta, GA', 'Lisle, IL', 'Lake Forest, IL', 'West Lafayette, IN', 'Towson, MD', 'College Park, MD', 'Amherst, MA', 'Waltham, MA', 'Cambridge, MA', 'Ann Arbor, MI', 'St. Paul, MN', 'St. Louis, MO', 'Garden City, NY', 'New York, NY', 'New York, NY', 'Raleigh, NC', 'Chapel Hill, NC', 'Cincinnati, OH', 'Pittsburgh, PA', 'Villanova, PA', 'West Chester, PA', 'Nashville, TN', 'Houston, TX', 'Fort Worth, TX', 'Richardson, TX', 'Charlottesville, VA', 'Seattle, WA', 'Seattle, WA', 'Washington, D.C.', 'Madison, WI']",17,13,iDTech,Beginner-Advanced,Level Design with Unity,"Design, Game Development",https://www.idtech.com/courses/level-design-with-unity
iD Tech Camps | Weeklong,"Design and develop a complete game with the power of Unity, the most popular tool among game developers. Build design skills applicable to college and beyond while using C# to bring games to life. Delve into all aspects of game creation with a full development pipeline, implementing art, sound, and scripts to complete a project you can be proud of and take home.","['Tempe, AZ', 'San Francisco, CA', 'Santa Clara, CA', 'Palo Alto, CA', 'Berkeley, CA', 'Pasadena, CA', 'Irvine, CA', 'La Jolla, CA', 'Los Angeles, CA', 'Denver, CO', 'Fairfield, CT', 'Middletown, CT', 'Winter Park, FL', 'Coral Gables, FL', 'Atlanta, GA', 'Lisle, IL', 'Lake Forest, IL', 'West Lafayette, IN', 'Towson, MD', 'College Park, MD', 'Amherst, MA', 'Waltham, MA', 'Cambridge, MA', 'Ann Arbor, MI', 'St. Paul, MN', 'St. Louis, MO', 'Garden City, NY', 'New York, NY', 'New York, NY', 'Raleigh, NC', 'Chapel Hill, NC', 'Cincinnati, OH', 'Pittsburgh, PA', 'Villanova, PA', 'West Chester, PA', 'Nashville, TN', 'Houston, TX', 'Fort Worth, TX', 'Richardson, TX', 'Charlottesville, VA', 'Seattle, WA', 'Seattle, WA', 'Washington, D.C.', 'Madison, WI']",17,13,iDTech,Beginner-Advanced,Program Games with Unity and C#,"Coding, Game Development",https://www.idtech.com/courses/program-games-with-unity-and-c-sharp
iD Tech Camps | Weeklong,"Push the limits of what’s possible and create unique experiences while working with the full suite of tools in Unreal Engine—an established industry-leading game engine used to create award-winning video games. Begin by exploring how to develop traditional game types such as FPS, Platformers, and Racing games. Then use Blueprints, a visual programming language, to modify and create gameplay events such as moving platforms and checkpoints.","['Hong Kong', 'Tempe, AZ', 'Sacramento, CA', 'San Francisco, CA', 'Santa Clara, CA', 'Palo Alto, CA', 'Berkeley, CA', 'Pomona, CA', 'Pasadena, CA', 'Long Beach, CA', 'Irvine, CA', 'La Jolla, CA', 'Los Angeles, CA', 'San Diego, CA', 'Fort Collins, CO', 'Denver, CO', 'Fairfield, CT', 'Middletown, CT', 'Boca Raton, FL', 'Winter Park, FL', 'Coral Gables, FL', 'Jacksonville, FL', 'Tampa, FL', 'Atlanta, GA', 'Lisle, IL', 'Lake Forest, IL', 'Evanston, IL', 'Towson, MD', 'College Park, MD', 'Amherst, MA', 'Waltham, MA', 'Ann Arbor, MI', 'St. Paul, MN', 'St. Louis, MO', 'Las Vegas, NV', 'Montclair, NJ', 'Princeton, NJ', 'Mahwah, NJ', 'Garden City, NY', 'New York, NY', 'Purchase, NY', 'New York, NY', 'Davidson, NC', 'Raleigh, NC', 'Charlotte, NC', 'Chapel Hill, NC', 'Cleveland, OH', 'Cincinnati, OH', 'Pittsburgh, PA', 'Villanova, PA', 'Memphis, TN', 'Nashville, TN', 'Houston, TX', 'Dallas, TX', 'Austin, TX', 'Fort Worth, TX', 'Houston, TX', 'Seattle, WA', 'Washington, D.C.', 'Washington, D.C.', 'Madison, WI']",17,13,iDTech,Beginner-Advanced,Programming Game Mechanics with Unreal,"Coding, Game Development",https://www.idtech.com/courses/programming-game-mechanics-with-unreal
iD Tech Camps | Weeklong,"Roblox is the game creation platform that’s for users, by users. With more than 60 million players per month and ever-expanding user-generated content, the possibilities of the world of Roblox are infinite. Coding and game design collide in this exciting new course: build your Lua coding and 3D game design skills to join the marketplace, publish your games, and sell your work!","['Tempe, AZ', 'Sacramento, CA', 'Santa Clara, CA', 'Palo Alto, CA', 'Pomona, CA', 'San Marcos, CA', 'Pasadena, CA', 'La Jolla, CA', 'Los Angeles, CA', 'Denver, CO', 'Fairfield, CT', 'Middletown, CT', 'Boca Raton, FL', 'Winter Park, FL', 'Coral Gables, FL', 'Atlanta, GA', 'Evanston, IL', 'West Lafayette, IN', 'College Park, MD', 'Waltham, MA', 'Cambridge, MA', 'Cambridge, MA', 'St. Paul, MN', 'St. Louis, MO', 'Madison, NJ', 'West Long Branch, NJ', 'South Orange, NJ', 'New York, NY', 'New York, NY', 'New York, NY', 'Raleigh, NC', 'Columbus, OH', 'Cincinnati, OH', 'Villanova, PA', 'West Chester, PA', 'Nashville, TN', 'Houston, TX', 'Austin, TX', 'Westlake, TX', 'Williamsburg, VA', 'Falls Church, VA', 'Seattle, WA', 'Seattle, WA', 'Washington, D.C.']",17,13,iDTech,Beginner-Advanced,Roblox Entrepreneur: Lua Coding and Game Creation,"Coding, Design, Game Development",https://www.idtech.com/courses/roblox-entrepreneur-lua-coding-and-game-creation
iD Tech Camps | Weeklong,"Explore the worlds of robotics, engineering, and coding with the VEX Robotics Design System. Get hands-on to build a frame and base for the robot and engineer its wiring. Teams must adapt their robots to compete in user-piloted challenges and obstacle courses, as well as autonomous robot challenges requiring programming using the ROBOTC software. May the best bot win!","['Hong Kong', 'Tempe, AZ', 'Sacramento, CA', 'San Francisco, CA', 'Santa Clara, CA', 'Moraga, CA', 'Palo Alto, CA', 'Berkeley, CA', 'Pomona, CA', 'Los Angeles, CA', 'Irvine, CA', 'La Jolla, CA', 'Los Angeles, CA', 'Denver, CO', 'Coral Gables, FL', 'Jacksonville, FL', 'Atlanta, GA', 'Lisle, IL', 'Lake Forest, IL', 'Evanston, IL', 'West Lafayette, IN', 'College Park, MD', 'Waltham, MA', 'Cambridge, MA', 'Needham, MA', 'Southborough, MA', 'Ann Arbor, MI', 'St. Paul, MN', 'St. Louis, MO', 'Madison, NJ', 'Princeton, NJ', 'Queens, NY', 'Raleigh, NC', 'Chapel Hill, NC', 'Columbus, OH', 'Pittsburgh, PA', 'Villanova, PA', 'Nashville, TN', 'Houston, TX', 'Dallas, TX', 'Austin, TX', 'Austin, TX', 'Richardson, TX', 'Houston, TX', 'Williamsburg, VA', 'Seattle, WA', 'Madison, WI']",17,13,iDTech,Beginner-Advanced,Robotics Engineering and Coding Lab with VEX,"Coding, Robotics",https://www.idtech.com/courses/robotics-engineering-and-coding-lab-with-vex
iD Tech Camps | Weeklong,"Imagination comes to life with digital shorts for YouTube. Learn the stages of production by planning and storyboarding, then collaborate with peers and film with professional equipment. Use Adobe Premiere to edit clips into a visionary experience, and add a personal touch with custom-made animations and special effects with Adobe After Effects. Share your epic story with the world!","['Tempe, AZ', 'Sacramento, CA', 'San Francisco, CA', 'Santa Clara, CA', 'Moraga, CA', 'Palo Alto, CA', 'Berkeley, CA', 'Thousand Oaks, CA', 'Pomona, CA', 'Long Beach, CA', 'Los Angeles, CA', 'Irvine, CA', 'La Jolla, CA', 'Santa Barbara, CA', 'Los Angeles, CA', 'Boulder, CO', 'Denver, CO', 'Fairfield, CT', 'Middletown, CT', 'Winter Park, FL', 'Coral Gables, FL', 'Tampa, FL', 'Atlanta, GA', 'Lisle, IL', 'Lake Forest, IL', 'Evanston, IL', 'Indianapolis, IN', 'Louisville, KY', 'Towson, MD', 'College Park, MD', 'Waltham, MA', 'Cambridge, MA', 'Cambridge, MA', 'Southborough, MA', 'Ann Arbor, MI', 'St. Paul, MN', 'Kansas City, MO', 'St. Louis, MO', 'Las Vegas, NV', 'Manchester, NH', 'Madison, NJ', 'Montclair, NJ', 'Princeton, NJ', 'Mt Laurel, NJ', 'New York, NY', 'New York, NY', 'New York, NY', 'New Paltz, NY', 'Chapel Hill, NC', 'Cleveland, OH', 'Columbus, OH', 'Cincinnati, OH', 'Pittsburgh, PA', 'Villanova, PA', 'Nashville, TN', 'Houston, TX', 'Dallas, TX', 'Austin, TX', 'Falls Church, VA', 'Seattle, WA', 'Washington, D.C.', 'Washington, D.C.', 'Madison, WI']",17,13,iDTech,Beginner-Advanced,Video Production and Special Effects for YouTube,Design,https://www.idtech.com/courses/video-production-and-special-effects-for-youtube
iD Game Design & Development Academy | Two-week,"In week one, discover how to bring your vision into the game world using 3D modeling with Autodesk Maya. Create highly detailed environmental assets used in game development like factory parts and scenery. Finish off the week by discovering different aspects of game creation, such as level design and game programming, as you prepare to join a team as a 3D Modeler.

In week two, establish an indie studio and learn the full development cycle of game production. Take the role of a 3D Modeler and work with other members of your team to design and create a game together. Use source control techniques for efficiently collaborating with peers, and continue building modeling skills. Learn how to unwrap models and create textures, then discover how to import your work into Unreal Engine. Prepare your game for its Launch Party at the end of the session!","['Palo Alto, CA', 'Irvine, CA', 'Atlanta, GA', 'Lake Forest, IL', 'Cambridge, MA', 'Chapel Hill, NC', 'Villanova, PA', 'Nashville, TN', 'Dallas, TX', 'Seattle, WA']",18,13,iDTech,Beginner-Advanced,3D Modeling and Game Art with Autodesk Maya,"Coding, Design, Game Development",https://www.idtech.com/courses/game-studio-3d-modeler-and-environment-artist
iD Coding & Engineering Academy | Two-week,"Get hands-on with the NVIDIA Jetson TX1 robot, the world's most advanced system for embedded visual computing. Start building with metal and electricity to construct the circuitry and power that will bring your robot to life. Once the nuts and bolts of the robot are assembled, begin coding with C++ and learn computing with Linux fundamentals.

After you get your c-legs and have a finished robot, pit crews must overcome a series of challenges: troubleshooting self-made circuitry, managing sensors, and leveraging computer vision to triumph in varied tasks of engineering and problem solving. Acquire college-level STEM principles of hands-on mechanics, critical thinking, and collaboration—vital skills for any future robotics engineer.","['Palo Alto, CA', 'Berkeley, CA', 'Los Angeles, CA', 'Lake Forest, IL', 'Cambridge, MA', 'Ann Arbor, MI', 'Princeton, NJ', 'New York, NY', 'Chapel Hill, NC', 'Houston, TX', 'Seattle, WA']",18,13,iDTech,Beginner-Advanced,Autonomous and Self-Driving Robotics Lab,"Coding, Robotics",https://www.idtech.com/courses/robotics-engineering-and-coding-lab
iD Game Design & Development Academy | Two-week,"Start the session by learning the fundamentals of C++ and Unreal Blueprints, two essential tools for developing games with Unreal Engine. Implement game mechanics and build coding skills to become an indispensable asset to your team. Round out week one by exploring different aspects of game creation like level design and 3D modeling.

During the second week, launch an indie studio and learn the full development cycle of game production to take your game from vision to playable prototype. Take the role of a Gameplay Programmer and work with the other members of your team to design and create a game together. Learn source control techniques for efficiently collaborating with peers, and continue building extensive coding skills. Prepare your game for the Launch Party at the end of the session!","['Palo Alto, CA', 'Irvine, CA', 'Atlanta, GA', 'Lake Forest, IL', 'Cambridge, MA', 'Chapel Hill, NC', 'Villanova, PA', 'Nashville, TN', 'Dallas, TX', 'Seattle, WA']",18,13,iDTech,Beginner-Advanced,C++ Programming and Unreal Game Development,"Coding, Design, Game Development",https://www.idtech.com/courses/game-studio-c-coder-and-gameplay-programmer
iD Coding & Engineering Academy | Two-week,"In our tech-driven world, the demand for cybersecurity professionals has never been greater. This course introduces cryptographic elements and obfuscation of information by solving complex puzzles and ciphers. See how encryption turns numbers, text, images, and sounds into a scrambled stream—and puts them all back together again. Then take a look into modern cybersecurity to see how these time-proven methods are still protecting information in the digital age.

After you've received your security clearance, learn how information can be hidden and stored in digital mediums like pictures, music, and videos. Dive into hashing and Linux, and discover the aspects of cryptography, security, and encryption needed to speak this new language and set out on a professional journey into this growing field.","['Kensington, London', 'Palo Alto, CA', 'Berkeley, CA', 'Los Angeles, CA', 'Coral Gables, FL', 'Lake Forest, IL', 'Cambridge, MA', 'Ann Arbor, MI', 'Princeton, NJ', 'New York, NY', 'Chapel Hill, NC', 'Houston, TX', 'Seattle, WA', 'Washington, D.C.']",18,13,iDTech,Beginner-Advanced,Cybersecurity Lab: Encryption and Steganography,Coding,https://www.idtech.com/courses/cybersecurity-lab-encryption-and-steganography
iD Coding & Engineering Academy | Two-week,"Dive right into C++ development to create your first game—but that’s just the beginning. Explore commonalities between games and find similarities in how their code is structured. Then dig into the code and discover which parts are designed to allow for quickly adding new content to the game.

Put this new knowledge to use by learning what code to keep and what to leave out by creating your own game engine! Build a foundation for any number of your game projects. Game engines not only save time at the start of each new project, they enable iteration on mechanics and balance until the game is perfect, and are an essential part of professional video game development.","['Kensington, London', 'Palo Alto, CA', 'Berkeley, CA', 'Los Angeles, CA', 'Coral Gables, FL', 'Lake Forest, IL', 'Cambridge, MA', 'Ann Arbor, MI', 'Princeton, NJ', 'Chapel Hill, NC', 'Houston, TX', 'Seattle, WA', 'Washington, D.C.']",18,13,iDTech,Beginner-Advanced,Game Engine Development With C++,"Coding, Game Development",https://www.idtech.com/courses/game-engine-development-with-c
iD Coding & Engineering Academy | Two-week,"It’s time to take C++ programming beyond the basics of variables and ""Hello, World"" and start really building. Master the fundamentals of this essential programming language by developing games throughout the session, complete with 2D graphics and custom controls. Knowing the syntax of C++ opens the door to the vast world of programming and development, whether you choose to build games or apps, or just want a head start for college.

With some C++ development under your belt, start making your games smarter with common algorithms crucial to game development, like pathfinding and map generation.","['Kensington, London', 'Palo Alto, CA', 'Berkeley, CA', 'Los Angeles, CA', 'Coral Gables, FL', 'Lake Forest, IL', 'Cambridge, MA', 'Ann Arbor, MI', 'Princeton, NJ', 'New York, NY', 'Chapel Hill, NC', 'Houston, TX', 'Seattle, WA', 'Washington, D.C.']",18,13,iDTech,Beginner-Advanced,Game Programming and Algorithms with C++,"Coding, Game Development",https://www.idtech.com/courses/game-programming-and-algorithms-with-c
iD Game Design & Development Academy | Two-week,"Begin the first week learning how to design a level using Unreal Engine 4. Create breathtaking game environments like castles and space stations and develop worldbuilding skills with this photoreal game engine. Finish the week by discovering different aspects of game creation, such as designing environmental art and game programming, then prepare to join a team as a Level Designer and create your own game.

In week two, establish an indie studio and learn the full development cycle of game production. Take your game from vision to playable prototype in the role of a Level Designer and work with the other members of your team to design and create a project together. Use source control techniques when collaborating with peers to ensure organization in your game development process. Build mood with visual storytelling and lighting techniques, then finish off a polished project with triggers and events.","['Palo Alto, CA', 'Irvine, CA', 'Atlanta, GA', 'Lake Forest, IL', 'Cambridge, MA', 'Chapel Hill, NC', 'Villanova, PA', 'Nashville, TN', 'Dallas, TX', 'Seattle, WA']",18,13,iDTech,Beginner-Advanced,Level Design and VR with Unreal and HTC Vive,"Coding, Design, Game Development",https://www.idtech.com/courses/game-studio-level-designer-and-vr-developer
iD Coding & Engineering Academy | Two-week,"If you had to choose between a computer or a doctor to detect and analyze early signs of cancer, which would you choose?

Why not both? Machine learning methods, while formalized in the 1950s, have only recently become powerful enough to make a huge impact. These deep learning methods have performed better at early cancer detection than professional radiologists! From image detection and Snapchat filters to Natural Language Processing and Siri, machine learning is ready to push our technology into the future.

Start with Python, TensorFlow, and a lot of data to begin coding desired behaviors and reward your computer for doing well! Tweak your reward schemes and adjust your data sets so your computer gets better at different tasks. As your program learns and grows because of your coding, you'll discover how to get your foot in the door of this exploding field of computing.","['Kensington, London', 'Palo Alto, CA', 'Berkeley, CA', 'Los Angeles, CA', 'Coral Gables, FL', 'Lake Forest, IL', 'Cambridge, MA', 'Ann Arbor, MI', 'Princeton, NJ', 'New York, NY', 'Chapel Hill, NC', 'Houston, TX', 'Seattle, WA', 'Washington, D.C.']",18,13,iDTech,Beginner-Advanced,Machine Learning andDeep Neural Networks,Coding,https://www.idtech.com/courses/machine-learning-and-deep-neural-networks
AcademyNEXT | Four-week,"This is the culminating experience in the iD Tech Pathway where we “Solve for Next.” We're gathering an elite team of the best and brightest iD Tech students to join us as we solve seemingly insurmountable, real-world problems with radical solutions, using breakthrough technologies. Over the course of four weeks, this coalition of dreamers and doers will use the latest in deep learning, data science, coding, artificial intelligence, and machine learning to make the world a better place. The changemakers of tomorrow that are selected for this program will be led by our finest instructors, inspired by industry experts, and scouted by top Silicon Valley recruiters who are turning to iD to help fill their talent pipeline.

After registering for this course, students will be required to submit a Skills Verification Survey. Students who don't respond to the survey or meet the minimum requirements may be required to register for a different experience.","['Palo Alto, CA']",19,16,iDTech,Advanced,Advanced Laboratory forEmerging Technologies,"Coding, Design, Robotics",https://www.idtech.com/courses/advanced-laboratory-for-emerging-technologies
